id,net,status_abbrev,pad_name,mission_name,mission_orbit_abbrev,configuration_name,reused,launcher_serial_number,landing_location_abbrev,landing_type_abbrev,landing_attempt,landing_success,year,year_month,starlink_commercial
d1b5f507-66a9-450a-86ac-b7b86c34eee4,2024-12-08 05:12:30,Success,Space Launch Complex 40,Starlink Group 12-5,LEO,Falcon 9,[True],['B1086'],['ASOG'],['ASDS'],[True],[True],2024,2024-12,Starlink
ae15ed89-63fa-4256-8b71-cb3c30e23e31,2024-12-05 16:10:00,Success,Launch Complex 39A,Sirius SXM-9,GTO,Falcon 9,[True],['B1076'],['JRTI'],['ASDS'],[True],[True],2024,2024-12,Commercial
a757f8b0-4e5c-4223-bc27-361a8206a3bf,2024-12-05 03:05:00,Success,Space Launch Complex 4E,Starlink Group 9-14,LEO,Falcon 9,[True],['B1081'],['OCISLY'],['ASDS'],[True],[True],2024,2024-12,Starlink
f50d89cf-7c9a-4b7e-bc6e-f7e59950995d,2024-12-04 10:13:10,Success,Space Launch Complex 40,Starlink Group 6-70,LEO,Falcon 9,[True],['B1067'],['ASOG'],['ASDS'],[True],[True],2024,2024-12,Starlink
fed1b36f-965c-46ac-bb4d-8154930c4492,2024-11-30 08:10:00,Success,Space Launch Complex 4E,NROL-126,,Falcon 9,[False],['B1088'],['OCISLY'],['ASDS'],[True],[True],2024,2024-11,Commercial
7beb2fcf-acb3-4cf1-b31b-f2655416d1ed,2024-11-30 05:00:00,Success,Space Launch Complex 40,Starlink Group 6-65,LEO,Falcon 9,[True],['B1083'],['JRTI'],['ASDS'],[True],[True],2024,2024-11,Starlink
ffc148dc-76cc-4c5e-95b6-c2c78d6f0ba6,2024-11-27 04:41:30,Success,Launch Complex 39A,Starlink Group 6-76,LEO,Falcon 9,[True],['B1078'],['ASOG'],['ASDS'],[True],[True],2024,2024-11,Starlink
0e6efb5d-045a-4f4c-a79a-f6889f1cc960,2024-11-25 10:02:20,Success,Space Launch Complex 40,Starlink Group 12-1,LEO,Falcon 9,[True],['B1080'],['JRTI'],['ASDS'],[True],[True],2024,2024-11,Starlink
f2e861e9-f956-4bad-8318-3d669ba5aedb,2024-11-24 05:25:30,Success,Space Launch Complex 4E,Starlink Group 9-13,LEO,Falcon 9,[True],['B1075'],['OCISLY'],['ASDS'],[True],[True],2024,2024-11,Starlink
168b41aa-14bd-4001-a47d-bfe69c4c20e6,2024-11-21 16:07:50,Success,Space Launch Complex 40,Starlink Group 6-66,LEO,Falcon 9,[True],['B1069'],['ASOG'],['ASDS'],[True],[True],2024,2024-11,Starlink
da9a0172-062c-4b29-81d8-acf777d3777f,2024-11-19 22:00:00,Success,Orbital Launch Mount A,Integrated Flight Test 6,Sub,Starship,[False],['Booster 13'],['OLM-A'],['RTLS'],[True],[False],2024,2024-11,Commercial
a0809bf8-a2f2-48e1-92da-1d8c21180e25,2024-11-18 18:31:00,Success,Space Launch Complex 40,GSAT-20 (GSAT-N2),GTO,Falcon 9,[True],['B1073'],['JRTI'],['ASDS'],[True],[True],2024,2024-11,Commercial
eddda4b4-c9af-4383-a97e-17372a0f39fc,2024-11-18 05:53:30,Success,Space Launch Complex 4E,Starlink Group 9-12,LEO,Falcon 9,[True],['B1071'],['OCISLY'],['ASDS'],[True],[True],2024,2024-11,Starlink
4509981c-8f3f-41aa-8235-d08f5c79c6c0,2024-11-17 22:28:00,Success,Launch Complex 39A,Optus-X/TD7,GTO,Falcon 9,[True],['B1077'],['ASOG'],['ASDS'],[True],[True],2024,2024-11,Commercial
aa398317-710b-460b-837f-7fbb7f00ccfa,2024-11-14 13:21:00,Success,Space Launch Complex 40,Starlink Group 6-68,LEO,Falcon 9,[True],['B1076'],['JRTI'],['ASDS'],[True],[True],2024,2024-11,Starlink
32727766-26b9-41b1-bdc4-1e7241806c92,2024-11-14 05:23:00,Success,Space Launch Complex 4E,Starlink Group 9-11,LEO,Falcon 9,[True],['B1082'],['OCISLY'],['ASDS'],[True],[True],2024,2024-11,Starlink
ce986507-bfc1-43fb-953d-3f30e7c5f48f,2024-11-11 21:28:00,Success,Space Launch Complex 40,Starlink Group 6-69,LEO,Falcon 9,[True],['B1080'],['ASOG'],['ASDS'],[True],[True],2024,2024-11,Starlink
a9fa3ed5-4988-4a72-b262-454e7b03ab50,2024-11-11 17:22:00,Success,Launch Complex 39A,Koreasat 6A,GTO,Falcon 9,[True],['B1067'],['LZ-1'],['RTLS'],[True],[True],2024,2024-11,Commercial
be86d592-5eb7-4565-ac7b-02de845d838e,2024-11-09 06:14:00,Success,Space Launch Complex 4E,Starlink Group 9-10,LEO,Falcon 9,[True],['B1081'],['OCISLY'],['ASDS'],[True],[True],2024,2024-11,Starlink
507a6df7-1c52-464a-a003-19aad7f6113e,2024-11-07 20:19:00,Success,Space Launch Complex 40,Starlink Group 6-77,LEO,Falcon 9,[True],['B1085'],['JRTI'],['ASDS'],[True],[True],2024,2024-11,Starlink
f97bce95-052e-4fa9-80e8-dbedf16bc516,2024-11-05 02:29:31,Success,Launch Complex 39A,Dragon CRS-2 SpX-31,LEO,Falcon 9,[True],['B1083'],['LZ-1'],['RTLS'],[True],[True],2024,2024-11,Commercial
48284305-279a-4118-9ae4-e2139db038b4,2024-10-30 21:10:00,Success,Space Launch Complex 40,Starlink Group 10-13,LEO,Falcon 9,[True],['B1078'],['ASOG'],['ASDS'],[True],[True],2024,2024-10,Starlink
eed1132a-d5aa-4c9c-bc38-c8ccb98829b6,2024-10-30 12:07:00,Success,Space Launch Complex 4E,Starlink Group 9-9,LEO,Falcon 9,[True],['B1075'],['OCISLY'],['ASDS'],[True],[True],2024,2024-10,Starlink
d20c9252-f257-48a8-8d95-443188267c57,2024-10-26 21:47:00,Success,Space Launch Complex 40,Starlink Group 10-8,LEO,Falcon 9,[True],['B1069'],['JRTI'],['ASDS'],[True],[True],2024,2024-10,Starlink
9048f0e1-c1b7-40f1-9555-c021b0b94283,2024-10-24 17:14:00,Success,Space Launch Complex 4E,NROL-167,,Falcon 9,[True],['B1063'],['OCISLY'],['ASDS'],[True],[True],2024,2024-10,Commercial
beb6bfff-c584-42d9-9fea-e3e82a5fd32a,2024-10-23 21:47:00,Success,Space Launch Complex 40,Starlink Group 6-61,LEO,Falcon 9,[True],['B1073'],['ASOG'],['ASDS'],[True],[True],2024,2024-10,Starlink
525ed290-dd97-4187-9118-d71f0b8285be,2024-10-20 05:13:00,Success,Space Launch Complex 4E,OneWeb 20,PO,Falcon 9,[True],['B1082'],['LZ-4'],['RTLS'],[True],[True],2024,2024-10,Commercial
5f9fa9b2-e6f4-4e68-b4c8-2b1586cc5fba,2024-10-18 23:31:00,Success,Space Launch Complex 40,Starlink Group 8-19,LEO,Falcon 9,[True],['B1076'],['JRTI'],['ASDS'],[True],[True],2024,2024-10,Starlink
e2a88842-5e57-468a-b151-92324df9c17e,2024-10-15 08:21:00,Success,Space Launch Complex 4E,Starlink Group 9-7,LEO,Falcon 9,[True],['B1071'],['OCISLY'],['ASDS'],[True],[True],2024,2024-10,Starlink
9d576892-dcf0-472b-92d1-37053ff549ab,2024-10-15 06:10:00,Success,Space Launch Complex 40,Starlink Group 10-10,LEO,Falcon 9,[True],['B1080'],['ASOG'],['ASDS'],[True],[True],2024,2024-10,Starlink
59548105-347d-4477-8747-7fc3f91016c5,2024-10-14 16:06:00,Success,Launch Complex 39A,Europa Clipper,Helio-N/A,Falcon Heavy,"[False, True, True]","['B1089', 'B1064', 'B1065']","['ATL', 'ATL', 'ATL']","['EXP', 'EXP', 'EXP']","[False, False, False]","[nan, nan, nan]",2024,2024-10,Commercial
83ba001e-9bca-48ac-84cb-ccea96bfe9c1,2024-10-13 12:25:00,Success,Orbital Launch Mount A,Integrated Flight Test 5,Sub,Starship,[False],['Booster 12'],['OLM-A'],['RTLS'],[True],[True],2024,2024-10,Commercial
e1ffdd01-c146-44d0-a250-b845dc2eb20d,2024-10-07 14:52:11,Success,Space Launch Complex 40,Hera,Asteroid,Falcon 9,[True],['B1061'],['ATL'],['EXP'],[False],[nan],2024,2024-10,Commercial
0102940a-4a60-4686-b34d-ced3fed6c595,2024-09-28 17:17:21,Success,Space Launch Complex 40,Crew-9,LEO,Falcon 9,[True],['B1085'],['LZ-1'],['RTLS'],[True],[True],2024,2024-09,Commercial
f97e9181-c9cd-4e68-9c19-68ddb5e80763,2024-09-25 04:01:20,Success,Space Launch Complex 4E,Starlink Group 9-8,LEO,Falcon 9,[True],['B1081'],['OCISLY'],['ASDS'],[True],[True],2024,2024-09,Starlink
facd46c6-5197-4c27-939a-2b6b3f08d39d,2024-09-20 13:50:00,Success,Space Launch Complex 4E,Starlink Group 9-17,LEO,Falcon 9,[True],['B1075'],['OCISLY'],['ASDS'],[True],[True],2024,2024-09,Starlink
b9c44ac9-e201-4042-9f08-bd517cd2e6a5,2024-09-17 22:50:49,Success,Space Launch Complex 40,Galileo L13 (FOC FM26 & FM32),MEO,Falcon 9,[True],['B1067'],['JRTI'],['ASDS'],[True],[True],2024,2024-09,Commercial
f53462c6-7e3a-41a9-b5a4-d884582ef0fa,2024-09-13 01:45:00,Success,Space Launch Complex 4E,Starlink Group 9-6,LEO,Falcon 9,[True],['B1071'],['OCISLY'],['ASDS'],[True],[True],2024,2024-09,Starlink
11f32024-8382-4b7a-9f75-c211820b9e2d,2024-09-12 08:52:00,Success,Space Launch Complex 40,BlueBird Block 1,LEO,Falcon 9,[True],['B1078'],['LZ-1'],['RTLS'],[True],[True],2024,2024-09,Commercial
b69cfada-3320-4331-89e1-aaa8b49e6a9c,2024-09-10 09:23:49,Success,Launch Complex 39A,Polaris Dawn,LEO,Falcon 9,[True],['B1083'],['JRTI'],['ASDS'],[True],[True],2024,2024-09,Commercial
e8c62aa0-6bef-48ac-8ef6-b8589479c6be,2024-09-06 03:20:00,Success,Space Launch Complex 4E,NROL-113,,Falcon 9,[True],['B1063'],['OCISLY'],['ASDS'],[True],[True],2024,2024-09,Commercial
46ddb5ee-30ac-4d70-9cbe-0342b253ee6c,2024-09-05 15:33:00,Success,Space Launch Complex 40,Starlink Group 8-11,LEO,Falcon 9,[True],['B1077'],['JRTI'],['ASDS'],[True],[True],2024,2024-09,Starlink
1bf11245-99d7-4178-8bf8-408730e21b36,2024-08-31 08:48:00,Success,Space Launch Complex 4E,Starlink Group 9-5,LEO,Falcon 9,[True],['B1081'],['OCISLY'],['ASDS'],[True],[True],2024,2024-08,Starlink
95bff87b-38c6-4db0-8b2f-e3952c95f383,2024-08-31 07:43:00,Success,Space Launch Complex 40,Starlink Group 8-10,LEO,Falcon 9,[True],['B1069'],['JRTI'],['ASDS'],[True],[True],2024,2024-08,Starlink
1da9d898-e591-444b-84bf-4bb949b81c62,2024-08-28 07:48:00,Success,Space Launch Complex 40,Starlink Group 8-6,LEO,Falcon 9,[True],['B1062'],['ASOG'],['ASDS'],[True],[False],2024,2024-08,Starlink
1458b11c-c0ed-4486-9d51-5b574db36f71,2024-08-20 13:20:00,Success,Space Launch Complex 40,Starlink Group 10-5,LEO,Falcon 9,[False],['B1085'],['ASOG'],['ASDS'],[True],[True],2024,2024-08,Starlink
d61c53c4-669a-44cd-a905-cea38e8e21d6,2024-08-16 18:56:00,Success,Space Launch Complex 4E,Transporter 11 (Dedicated SSO Rideshare),SSO,Falcon 9,[True],['B1075'],['LZ-4'],['RTLS'],[True],[True],2024,2024-08,Commercial
3ecc1d59-470f-49a3-9508-35f0b6797454,2024-08-15 13:00:00,Success,Space Launch Complex 40,WorldView Legion 3 & 4,LEO,Falcon 9,[True],['B1076'],['LZ-1'],['RTLS'],[True],[True],2024,2024-08,Commercial
34aa9340-c97e-4609-a872-e2adc8d9de13,2024-08-12 10:37:00,Success,Launch Complex 39A,Starlink Group 10-7,LEO,Falcon 9,[True],['B1073'],['ASOG'],['ASDS'],[True],[True],2024,2024-08,Starlink
670b2644-8952-484d-a402-8a75b7f907ae,2024-08-12 02:02:00,Success,Space Launch Complex 4E,Arctic Satellite Broadband Mission (ASBM),,Falcon 9,[True],['B1061'],['OCISLY'],['ASDS'],[True],[True],2024,2024-08,Commercial
c34d9c5e-c11a-4066-84d9-d026ceaafcf3,2024-08-10 12:50:00,Success,Space Launch Complex 40,Starlink Group 8-3,LEO,Falcon 9,[True],['B1067'],['JRTI'],['ASDS'],[True],[True],2024,2024-08,Starlink
59426ed2-57ff-4f61-8f62-9794b6dbb9ad,2024-08-04 15:02:53,Success,Space Launch Complex 40,Cygnus CRS-2 NG-21 (S.S. Francis R. “Dick” Scobee),LEO,Falcon 9,[True],['B1080'],['LZ-1'],['RTLS'],[True],[True],2024,2024-08,Commercial
86139b24-aed8-47b0-a385-5ed28cca6409,2024-08-04 07:24:00,Success,Space Launch Complex 4E,Starlink Group 11-1,LEO,Falcon 9,[True],['B1082'],['OCISLY'],['ASDS'],[True],[True],2024,2024-08,Starlink
172111f8-35c3-413e-9f6e-06676a462895,2024-08-02 05:01:00,Success,Launch Complex 39A,Starlink Group 10-6,LEO,Falcon 9,[True],['B1078'],['ASOG'],['ASDS'],[True],[True],2024,2024-08,Starlink
2aa76cd0-b1e0-4826-827e-1e69d1cc387d,2024-07-28 09:22:00,Success,Space Launch Complex 4E,Starlink Group 9-4,LEO,Falcon 9,[True],['B1071'],['OCISLY'],['ASDS'],[True],[True],2024,2024-07,Starlink
a059955d-baf8-436d-9a2f-e4746be5a636,2024-07-28 05:09:00,Success,Space Launch Complex 40,Starlink Group 10-4,LEO,Falcon 9,[True],['B1077'],['ASOG'],['ASDS'],[True],[True],2024,2024-07,Starlink
0f63b33d-1a83-4eb2-8c2e-d4157bf71230,2024-07-27 05:45:00,Success,Launch Complex 39A,Starlink Group 10-9,LEO,Falcon 9,[True],['B1069'],['JRTI'],['ASDS'],[True],[True],2024,2024-07,Starlink
9ddacbab-cb89-4fb1-85c8-56b4222af744,2024-07-12 02:35:00,Failure,Space Launch Complex 4E,Starlink Group 9-3,LEO,Falcon 9,[True],['B1063'],['OCISLY'],['ASDS'],[True],[True],2024,2024-07,Starlink
ae5db3d2-1162-41b3-8f19-697150f483a3,2024-07-08 23:30:00,Success,Space Launch Complex 40,Türksat 6A,GTO,Falcon 9,[True],['B1076'],['JRTI'],['ASDS'],[True],[True],2024,2024-07,Commercial
37d99477-d60a-486a-9fa0-3c533fe19fd9,2024-07-03 08:55:00,Success,Space Launch Complex 40,Starlink Group 8-9,LEO,Falcon 9,[True],['B1073'],['ASOG'],['ASDS'],[True],[True],2024,2024-07,Starlink
bc2c6103-a426-41e0-875d-700dc92dc131,2024-06-29 03:14:00,Success,Space Launch Complex 4E,NROL-186,,Falcon 9,[True],['B1081'],['OCISLY'],['ASDS'],[True],[True],2024,2024-06,Commercial
89961315-355e-469d-af7a-b447ea70bce9,2024-06-27 11:14:00,Success,Space Launch Complex 40,Starlink Group 10-3,LEO,Falcon 9,[True],['B1062'],['JRTI'],['ASDS'],[True],[True],2024,2024-06,Starlink
ad53f165-a118-43a6-ad46-6021accdaabd,2024-06-25 21:26:00,Success,Launch Complex 39A,GOES-U,GTO,Falcon Heavy,"[False, False, False]","['B1087', 'B1086', 'B1072']","['ATL', 'LZ-2', 'LZ-1']","['EXP', 'RTLS', 'RTLS']","[False, True, True]","[nan, True, True]",2024,2024-06,Commercial
53b0220d-25b1-47d7-9d68-956063c54d86,2024-06-24 03:47:00,Success,Space Launch Complex 4E,Starlink Group 9-2,LEO,Falcon 9,[True],['B1075'],['OCISLY'],['ASDS'],[True],[True],2024,2024-06,Starlink
63a205d7-ea27-4fd0-9fb7-f09f744433a3,2024-06-23 17:15:00,Success,Space Launch Complex 40,Starlink Group 10-2,LEO,Falcon 9,[True],['B1078'],['ASOG'],['ASDS'],[True],[True],2024,2024-06,Starlink
e59f9e0b-fed2-4b12-a21b-ceda262bca5e,2024-06-20 21:35:00,Success,Space Launch Complex 40,Astra 1P/SES-24,GTO,Falcon 9,[True],['B1080'],['JRTI'],['ASDS'],[True],[True],2024,2024-06,Commercial
86600b01-7621-4106-9ae1-d7510328c29a,2024-06-19 03:40:00,Success,Space Launch Complex 4E,Starlink Group 9-1,LEO,Falcon 9,[True],['B1082'],['OCISLY'],['ASDS'],[True],[True],2024,2024-06,Starlink
32f98a5d-b605-4e18-9b92-9dbd59f0681f,2024-06-08 12:58:00,Success,Space Launch Complex 4E,Starlink Group 8-8,LEO,Falcon 9,[True],['B1061'],['OCISLY'],['ASDS'],[True],[True],2024,2024-06,Starlink
cdc8274b-932e-48d6-9e8d-691969da4ad0,2024-06-08 01:56:00,Success,Space Launch Complex 40,Starlink Group 10-1,LEO,Falcon 9,[True],['B1069'],['ASOG'],['ASDS'],[True],[True],2024,2024-06,Starlink
2b1b756f-7207-4781-a874-aed61b38463d,2024-06-06 12:50:00,Success,Orbital Launch Mount A,Integrated Flight Test 4,Sub,Starship,[False],['Booster 11'],['GOM'],['Ocean'],[True],[True],2024,2024-06,Commercial
587cba9a-2a6c-46c9-9b06-630a1bf86fe3,2024-06-05 02:16:00,Success,Space Launch Complex 40,Starlink Group 8-5,LEO,Falcon 9,[True],['B1067'],['JRTI'],['ASDS'],[True],[True],2024,2024-06,Starlink
cefe475a-fe70-4e46-9075-9c44c856975b,2024-06-01 02:37:00,Success,Space Launch Complex 40,Starlink Group 6-64,LEO,Falcon 9,[True],['B1076'],['ASOG'],['ASDS'],[True],[True],2024,2024-06,Starlink
c98dabc0-2391-48bd-aad7-02bfb1795ec3,2024-05-28 22:20:10,Success,Space Launch Complex 4E,EarthCARE,SSO,Falcon 9,[True],['B1081'],['LZ-4'],['RTLS'],[True],[True],2024,2024-05,Commercial
345131f6-a96a-45e0-9b83-f11aeec8bab6,2024-05-28 14:24:00,Success,Space Launch Complex 40,Starlink Group 6-60,LEO,Falcon 9,[True],['B1078'],['ASOG'],['ASDS'],[True],[True],2024,2024-05,Starlink
d51da9b0-7251-4345-9708-934ba4c23c78,2024-05-24 02:45:00,Success,Launch Complex 39A,Starlink Group 6-63,LEO,Falcon 9,[True],['B1077'],['JRTI'],['ASDS'],[True],[True],2024,2024-05,Starlink
1e84545e-add0-42be-bcd2-c78eb2d982e5,2024-05-23 02:35:00,Success,Space Launch Complex 40,Starlink Group 6-62,LEO,Falcon 9,[True],['B1080'],['ASOG'],['ASDS'],[True],[True],2024,2024-05,Starlink
bcab98e3-3650-4733-9d32-47d5870a2151,2024-05-22 08:00:00,Success,Space Launch Complex 4E,NROL-146,,Falcon 9,[True],['B1071'],['OCISLY'],['ASDS'],[True],[True],2024,2024-05,Commercial
791ef5c4-d0f1-4a35-b362-f87aef03621d,2024-05-18 00:32:00,Success,Space Launch Complex 40,Starlink Group 6-59,LEO,Falcon 9,[True],['B1062'],['ASOG'],['ASDS'],[True],[True],2024,2024-05,Starlink
63bb93ea-d77a-4b7e-aca7-325b514e270d,2024-05-14 18:39:00,Success,Space Launch Complex 4E,Starlink Group 8-7,LEO,Falcon 9,[True],['B1063'],['OCISLY'],['ASDS'],[True],[True],2024,2024-05,Starlink
67152d83-c689-4cff-8330-b42c166049c9,2024-05-13 00:53:00,Success,Space Launch Complex 40,Starlink Group 6-58,LEO,Falcon 9,[True],['B1073'],['ASOG'],['ASDS'],[True],[True],2024,2024-05,Starlink
b7767100-2fd3-4df6-9f23-cd6817f9972e,2024-05-10 04:30:00,Success,Space Launch Complex 4E,Starlink Group 8-2,LEO,Falcon 9,[True],['B1082'],['OCISLY'],['ASDS'],[True],[True],2024,2024-05,Starlink
37b23feb-be70-4011-bb3b-ccf4d333edd4,2024-05-08 18:42:00,Success,Launch Complex 39A,Starlink Group 6-56,LEO,Falcon 9,[True],['B1083'],['ASOG'],['ASDS'],[True],[True],2024,2024-05,Starlink
40e91ca4-bcd3-43bd-b856-0236d4beca45,2024-05-06 18:14:00,Success,Space Launch Complex 40,Starlink Group 6-57,LEO,Falcon 9,[True],['B1069'],['JRTI'],['ASDS'],[True],[True],2024,2024-05,Starlink
638eca04-7e89-4254-8770-4ae1da538004,2024-05-03 02:37:00,Success,Space Launch Complex 40,Starlink Group 6-55,LEO,Falcon 9,[True],['B1067'],['ASOG'],['ASDS'],[True],[True],2024,2024-05,Starlink
629f10e4-93cc-4b1b-9b2f-53f7d3944fc1,2024-05-02 18:36:00,Success,Space Launch Complex 4E,WorldView Legion 1 & 2,SSO,Falcon 9,[True],['B1061'],['LZ-4'],['RTLS'],[True],[True],2024,2024-05,Commercial
242a5669-7d52-4cab-8a03-72af4aa08f12,2024-04-28 22:08:00,Success,Space Launch Complex 40,Starlink Group 6-54,LEO,Falcon 9,[True],['B1076'],['JRTI'],['ASDS'],[True],[True],2024,2024-04,Starlink
974b4774-cda7-4373-abfc-40c1a1859cba,2024-04-28 00:34:00,Success,Launch Complex 39A,Galileo L12 (FOC FM25 & FM27),MEO,Falcon 9,[True],['B1060'],['ATL'],['EXP'],[False],[nan],2024,2024-04,Commercial
63e1a1f2-c5cd-4d73-8c16-302f9d8ad72f,2024-04-23 22:17:00,Success,Space Launch Complex 40,Starlink Group 6-53,LEO,Falcon 9,[True],['B1078'],['JRTI'],['ASDS'],[True],[True],2024,2024-04,Starlink
b1098e0e-35c3-4cda-b0ec-01c70b0114e1,2024-04-18 22:40:00,Success,Space Launch Complex 40,Starlink Group 6-52,LEO,Falcon 9,[True],['B1080'],['ASOG'],['ASDS'],[True],[True],2024,2024-04,Starlink
c42e2d5f-f869-44d2-9f70-77d6e8d8482f,2024-04-17 21:26:00,Success,Launch Complex 39A,Starlink Group 6-51,LEO,Falcon 9,[True],['B1077'],['JRTI'],['ASDS'],[True],[True],2024,2024-04,Starlink
08508c47-42ea-44c8-9da6-9e2e21742994,2024-04-13 01:40:00,Success,Space Launch Complex 40,Starlink Group 6-49,LEO,Falcon 9,[True],['B1062'],['ASOG'],['ASDS'],[True],[True],2024,2024-04,Starlink
a2e723fe-c893-4eaa-9dd3-63533a703091,2024-04-11 14:25:00,Success,Space Launch Complex 4E,USSF-62,PO,Falcon 9,[True],['B1082'],['LZ-4'],['RTLS'],[True],[True],2024,2024-04,Commercial
706b81df-c365-4a6d-89f0-c52126dc91e1,2024-04-10 05:40:00,Success,Space Launch Complex 40,Starlink Group 6-48,LEO,Falcon 9,[True],['B1083'],['JRTI'],['ASDS'],[True],[True],2024,2024-04,Starlink
c6344720-1266-4697-90ab-943a6f1760a5,2024-04-07 23:16:57,Success,Launch Complex 39A,Bandwagon 1 (Dedicated Mid-Inclination Rideshare),LEO,Falcon 9,[True],['B1073'],['LZ-1'],['RTLS'],[True],[True],2024,2024-04,Commercial
b76b836f-8e88-4bc3-a3bc-36bb8ee4bb3c,2024-04-07 02:25:00,Success,Space Launch Complex 4E,Starlink Group 8-1,LEO,Falcon 9,[True],['B1081'],['OCISLY'],['ASDS'],[True],[True],2024,2024-04,Starlink
d90ac995-1d5d-48d6-8339-7ab42c567449,2024-04-05 09:12:00,Success,Space Launch Complex 40,Starlink Group 6-47,LEO,Falcon 9,[True],['B1069'],['ASOG'],['ASDS'],[True],[True],2024,2024-04,Starlink
8bb37c47-eefc-4a37-80c5-03b760cc99fc,2024-04-02 02:30:00,Success,Space Launch Complex 4E,Starlink Group 7-18,LEO,Falcon 9,[True],['B1071'],['OCISLY'],['ASDS'],[True],[True],2024,2024-04,Starlink
3f61f099-5176-49f2-8e77-41c02ce80e5a,2024-03-31 01:30:00,Success,Space Launch Complex 40,Starlink Group 6-45,LEO,Falcon 9,[True],['B1067'],['ASOG'],['ASDS'],[True],[True],2024,2024-03,Starlink
ba739b7f-9bdd-487c-9742-d76182af49f8,2024-03-30 21:52:00,Success,Launch Complex 39A,Eutelsat 36D,GTO,Falcon 9,[True],['B1076'],['JRTI'],['ASDS'],[True],[True],2024,2024-03,Commercial
5acc8f72-bde2-4466-b64e-f580bc71ae2f,2024-03-25 23:42:00,Success,Space Launch Complex 40,Starlink Group 6-46,LEO,Falcon 9,[True],['B1078'],['ASOG'],['ASDS'],[True],[True],2024,2024-03,Starlink
e7b297d1-3312-4264-b802-f9d6ea11b3b2,2024-03-24 03:09:00,Success,Launch Complex 39A,Starlink Group 6-42,LEO,Falcon 9,[True],['B1060'],['JRTI'],['ASDS'],[True],[True],2024,2024-03,Starlink
604e4aa8-73f8-4f1c-bf4c-5a130625cac7,2024-03-21 20:55:09,Success,Space Launch Complex 40,Dragon CRS-2 SpX-30,LEO,Falcon 9,[True],['B1080'],['LZ-1'],['RTLS'],[True],[True],2024,2024-03,Commercial
2323baef-19f9-45fc-bc3d-3d34f7821f82,2024-03-19 02:28:00,Success,Space Launch Complex 4E,Starlink Group 7-16,LEO,Falcon 9,[True],['B1075'],['OCISLY'],['ASDS'],[True],[True],2024,2024-03,Starlink
827fac66-147f-4afc-9489-1b1d736ee989,2024-03-16 00:21:00,Success,Launch Complex 39A,Starlink Group 6-44,LEO,Falcon 9,[True],['B1062'],['ASOG'],['ASDS'],[True],[True],2024,2024-03,Starlink
c0d90c60-4961-470a-a6d7-804b3bf4b012,2024-03-14 13:25:00,Success,Orbital Launch Mount A,Integrated Flight Test 3,Sub,Starship,[False],['Booster 10'],['GOM'],['Ocean'],[True],[False],2024,2024-03,Commercial
8b703f3e-2758-466b-a899-7c1b463c2f31,2024-03-11 04:09:00,Success,Space Launch Complex 4E,Starlink Group 7-17,LEO,Falcon 9,[True],['B1063'],['OCISLY'],['ASDS'],[True],[True],2024,2024-03,Starlink
ed3aa4cd-ebd2-4871-a541-968a1b08afb1,2024-03-10 23:05:00,Success,Space Launch Complex 40,Starlink Group 6-43,LEO,Falcon 9,[True],['B1077'],['JRTI'],['ASDS'],[True],[True],2024,2024-03,Starlink
42b2c850-ecee-4ec9-8496-cc304f4353f5,2024-03-04 23:56:00,Success,Space Launch Complex 40,Starlink Group 6-41,LEO,Falcon 9,[True],['B1073'],['ASOG'],['ASDS'],[True],[True],2024,2024-03,Starlink
2f10c861-8c07-4af1-8873-cdba6d2566ba,2024-03-04 22:05:00,Success,Space Launch Complex 4E,Transporter 10 (Dedicated SSO Rideshare),SSO,Falcon 9,[True],['B1081'],['LZ-4'],['RTLS'],[True],[True],2024,2024-03,Commercial
2f101902-03dd-4b23-8546-d25ea514b36f,2024-03-04 03:53:38,Success,Launch Complex 39A,Crew-8,LEO,Falcon 9,[False],['B1083'],['LZ-1'],['RTLS'],[True],[True],2024,2024-03,Commercial
a9388d6a-a9cb-440c-8dc8-647a77833fe1,2024-02-29 15:30:00,Success,Space Launch Complex 40,Starlink Group 6-40,LEO,Falcon 9,[True],['B1076'],['JRTI'],['ASDS'],[True],[True],2024,2024-02,Starlink
0c61bd06-0bd9-40a8-8be3-1d46368ae094,2024-02-25 22:06:00,Success,Space Launch Complex 40,Starlink Group 6-39,LEO,Falcon 9,[True],['B1069'],['ASOG'],['ASDS'],[True],[True],2024,2024-02,Starlink
43edc89d-bba0-49ce-85d3-be350104a29c,2024-02-23 04:11:50,Success,Space Launch Complex 4E,Starlink Group 7-15,LEO,Falcon 9,[True],['B1061'],['OCISLY'],['ASDS'],[True],[True],2024,2024-02,Starlink
ffd29f94-06b4-49f7-b5f9-b21a928e6eaa,2024-02-20 20:11:00,Success,Space Launch Complex 40,HTS-113BT (Merah Putih 2),GTO,Falcon 9,[True],['B1067'],['JRTI'],['ASDS'],[True],[True],2024,2024-02,Commercial
9603b3c2-da94-41c6-8012-30e990fdc999,2024-02-15 21:34:30,Success,Space Launch Complex 4E,Starlink Group 7-14,LEO,Falcon 9,[True],['B1082'],['OCISLY'],['ASDS'],[True],[True],2024,2024-02,Starlink
942a1814-c237-41de-9970-d27bb9630f3b,2024-02-15 06:05:37,Success,Launch Complex 39A,Nova-C IM-1,LO,Falcon 9,[True],['B1060'],['LZ-1'],['RTLS'],[True],[True],2024,2024-02,Commercial
d8fead19-b792-4e77-8c93-03a953958005,2024-02-14 22:30:00,Success,Space Launch Complex 40,USSF-124,LEO,Falcon 9,[True],['B1078'],['LZ-2'],['RTLS'],[True],[True],2024,2024-02,Commercial
3fe9e0be-183a-4e14-8193-516219fb37e4,2024-02-10 00:34:00,Success,Space Launch Complex 4E,Starlink Group 7-13,LEO,Falcon 9,[True],['B1071'],['OCISLY'],['ASDS'],[True],[True],2024,2024-02,Starlink
549f26ed-a5f7-49fb-97a7-fb2ffa26e3e8,2024-02-08 06:33:36,Success,Space Launch Complex 40,"PACE (Plankton, Aerosol, Cloud, ocean Ecosystem)",SSO,Falcon 9,[True],['B1081'],['LZ-1'],['RTLS'],[True],[True],2024,2024-02,Commercial
665678b9-8b91-45de-9e9c-5063622bcca1,2024-01-30 17:07:21,Success,Space Launch Complex 40,Cygnus CRS-2 NG-20 (S.S. Patricia “Patty” Hilliard Robertson),LEO,Falcon 9,[True],['B1077'],['LZ-1'],['RTLS'],[True],[True],2024,2024-01,Commercial
20f597cc-eb98-4c7d-b137-87e048493c3e,2024-01-29 05:57:20,Success,Space Launch Complex 4E,Starlink Group 7-12,LEO,Falcon 9,[True],['B1075'],['OCISLY'],['ASDS'],[True],[True],2024,2024-01,Starlink
378bd440-63df-48a6-97f7-c528a9a1968c,2024-01-29 01:10:00,Success,Launch Complex 39A,Starlink Group 6-38,LEO,Falcon 9,[True],['B1062'],['ASOG'],['ASDS'],[True],[True],2024,2024-01,Starlink
f8f2a91e-0d76-46f0-9110-8c45d85fab86,2024-01-24 00:35:00,Success,Space Launch Complex 4E,Starlink Group 7-11,LEO,Falcon 9,[True],['B1063'],['OCISLY'],['ASDS'],[True],[True],2024,2024-01,Starlink
da48063e-b50f-4602-adab-ad7331ee6d82,2024-01-18 21:49:11,Success,Launch Complex 39A,Axiom Space Mission 3,LEO,Falcon 9,[True],['B1080'],['LZ-1'],['RTLS'],[True],[True],2024,2024-01,Commercial
839c1427-45db-4b88-ae41-bb666c1dd097,2024-01-15 01:52:00,Success,Space Launch Complex 40,Starlink Group 6-37,LEO,Falcon 9,[True],['B1073'],['ASOG'],['ASDS'],[True],[True],2024,2024-01,Starlink
429277e6-dc65-4166-a556-44edc39d71ea,2024-01-14 08:59:30,Success,Space Launch Complex 4E,Starlink Group 7-10,LEO,Falcon 9,[True],['B1061'],['OCISLY'],['ASDS'],[True],[True],2024,2024-01,Starlink
60634a63-633d-42b3-b87e-710e7e0d4282,2024-01-07 22:35:40,Success,Space Launch Complex 40,Starlink Group 6-35,LEO,Falcon 9,[True],['B1067'],['ASOG'],['ASDS'],[True],[True],2024,2024-01,Starlink
1d374bef-0e4e-4b3f-b45b-25c14aaa2b0e,2024-01-03 23:04:00,Success,Space Launch Complex 40,Ovzon-3,GTO,Falcon 9,[True],['B1076'],['LZ-1'],['RTLS'],[True],[True],2024,2024-01,Commercial
161dbc75-e973-44f7-a346-6254aec99900,2024-01-03 03:44:20,Success,Space Launch Complex 4E,Starlink Group 7-9,LEO,Falcon 9,[False],['B1082'],['OCISLY'],['ASDS'],[True],[True],2024,2024-01,Starlink
d92ecdac-af22-411c-8fc8-1d4b2578cfff,2023-12-29 04:01:40,Success,Space Launch Complex 40,Starlink Group 6-36,LEO,Falcon 9,[True],['B1069'],['ASOG'],['ASDS'],[True],[True],2023,2023-12,Starlink
0098c032-73de-4c6f-8d73-5d68b9a12fdf,2023-12-29 01:07:00,Success,Launch Complex 39A,OTV-7 (X-37B) (USSF-52),,Falcon Heavy,"[False, True, True]","['B1084', 'B1064', 'B1065']","['ATL', 'LZ-1', 'LZ-2']","['EXP', 'RTLS', 'RTLS']","[False, True, True]","[nan, True, True]",2023,2023-12,Commercial
dff32800-585f-443f-b82b-4fdc4a3fddb4,2023-12-24 13:11:00,Success,Space Launch Complex 4E,SARah 2 & 3,PO,Falcon 9,[True],['B1075'],['LZ-4'],['RTLS'],[True],[True],2023,2023-12,Commercial
3a88fa72-ad1d-4174-99c4-926596354b2a,2023-12-23 05:33:00,Success,Space Launch Complex 40,Starlink Group 6-32,LEO,Falcon 9,[True],['B1058'],['JRTI'],['ASDS'],[True],[True],2023,2023-12,Starlink
7e34bf07-7031-4dd7-844f-7067107489a3,2023-12-19 04:01:00,Success,Space Launch Complex 40,Starlink Group 6-34,LEO,Falcon 9,[True],['B1081'],['ASOG'],['ASDS'],[True],[True],2023,2023-12,Starlink
2008dbb3-a1ce-4677-ad95-abaf9773a7cf,2023-12-08 08:03:40,Success,Space Launch Complex 4E,Starlink Group 7-8,LEO,Falcon 9,[True],['B1071'],['OCISLY'],['ASDS'],[True],[True],2023,2023-12,Starlink
b666d809-7a76-4b4d-98bd-6c471cd7e4a8,2023-12-07 05:07:30,Success,Space Launch Complex 40,Starlink Group 6-33,LEO,Falcon 9,[True],['B1077'],['JRTI'],['ASDS'],[True],[True],2023,2023-12,Starlink
8cf1015d-3fe5-40c4-8436-2f79c1f3ff2e,2023-12-03 04:00:50,Success,Space Launch Complex 40,Starlink Group 6-31,LEO,Falcon 9,[True],['B1078'],['ASOG'],['ASDS'],[True],[True],2023,2023-12,Starlink
fd2a9c7e-7cad-45d1-94db-3b6bb3bfadb2,2023-12-01 18:19:00,Success,Space Launch Complex 4E,425 Project Flight 1 & rideshare,SSO,Falcon 9,[True],['B1061'],['LZ-4'],['RTLS'],[True],[True],2023,2023-12,Commercial
7bf22b01-938a-4b64-ad1e-d3f372f78a34,2023-11-28 04:20:00,Success,Space Launch Complex 40,Starlink Group 6-30,LEO,Falcon 9,[True],['B1062'],['JRTI'],['ASDS'],[True],[True],2023,2023-11,Starlink
fe91ad95-fd2a-4a13-a7d1-842624ec6be3,2023-11-22 07:47:40,Success,Space Launch Complex 40,Starlink Group 6-29,LEO,Falcon 9,[True],['B1067'],['ASOG'],['ASDS'],[True],[True],2023,2023-11,Starlink
a6e6b618-51f7-41ba-a8d3-0d375ba4530a,2023-11-20 10:30:40,Success,Space Launch Complex 4E,Starlink Group 7-7,LEO,Falcon 9,[True],['B1063'],['OCISLY'],['ASDS'],[True],[True],2023,2023-11,Starlink
04b91bb8-38a7-4868-b025-4bbe05d1fbfe,2023-11-18 13:02:50,Partial Failure,Orbital Launch Mount A,Integrated Flight Test 2,Sub,Starship,[False],['Booster 9'],['GOM'],['Ocean'],[True],[False],2023,2023-11,Commercial
dc5c0513-9c1e-416d-8675-6e83187a4c07,2023-11-18 05:05:50,Success,Space Launch Complex 40,Starlink Group 6-28,LEO,Falcon 9,[True],['B1069'],['JRTI'],['ASDS'],[True],[True],2023,2023-11,Starlink
0be2e9d6-50d5-49dc-b56c-a919b7e0dfd8,2023-11-12 21:08:00,Success,Space Launch Complex 40,O3b mPower 5 & 6,MEO,Falcon 9,[True],['B1076'],['ASOG'],['ASDS'],[True],[True],2023,2023-11,Commercial
a4a7fa7f-f3d9-467e-ac58-6e577155a969,2023-11-11 18:49:00,Success,Space Launch Complex 4E,Transporter 9 (Dedicated SSO Rideshare),SSO,Falcon 9,[True],['B1071'],['LZ-4'],['RTLS'],[True],[True],2023,2023-11,Commercial
63076c5e-d16c-4f16-a6ac-2709fd5fab01,2023-11-10 01:28:14,Success,Launch Complex 39A,Dragon CRS-2 SpX-29,LEO,Falcon 9,[True],['B1081'],['LZ-1'],['RTLS'],[True],[True],2023,2023-11,Commercial
6159729f-70fd-4817-9223-b250dca18f5f,2023-11-08 05:05:30,Success,Space Launch Complex 40,Starlink Group 6-27,LEO,Falcon 9,[True],['B1073'],['JRTI'],['ASDS'],[True],[True],2023,2023-11,Starlink
48f71d70-4df8-4b8d-a3c5-8b5f08ab9858,2023-11-04 00:37:20,Success,Space Launch Complex 40,Starlink Group 6-26,LEO,Falcon 9,[True],['B1058'],['ASOG'],['ASDS'],[True],[True],2023,2023-11,Starlink
ec6b5681-566f-465e-a164-97cfe48b6172,2023-10-30 23:20:30,Success,Space Launch Complex 40,Starlink Group 6-25,LEO,Falcon 9,[True],['B1077'],['JRTI'],['ASDS'],[True],[True],2023,2023-10,Starlink
9bfd7559-da1a-4286-baf8-e2342d55ef52,2023-10-29 09:00:00,Success,Space Launch Complex 4E,Starlink Group 7-6,LEO,Falcon 9,[True],['B1075'],['OCISLY'],['ASDS'],[True],[True],2023,2023-10,Starlink
b46768df-d372-489f-9419-ff4f0057e025,2023-10-22 02:17:00,Success,Space Launch Complex 40,Starlink Group 6-24,LEO,Falcon 9,[True],['B1080'],['ASOG'],['ASDS'],[True],[True],2023,2023-10,Starlink
327a3fa6-8144-4e4a-8398-709ddfac7291,2023-10-21 08:23:00,Success,Space Launch Complex 4E,Starlink Group 7-5,LEO,Falcon 9,[True],['B1061'],['OCISLY'],['ASDS'],[True],[True],2023,2023-10,Starlink
396524c2-aecc-4dca-9b82-e4a3e1c01ee5,2023-10-18 00:39:00,Success,Space Launch Complex 40,Starlink Group 6-23,LEO,Falcon 9,[True],['B1062'],['JRTI'],['ASDS'],[True],[True],2023,2023-10,Starlink
2da96504-8be7-4feb-bd8f-8aed5229a342,2023-10-13 23:01:10,Success,Space Launch Complex 40,Starlink Group 6-22,LEO,Falcon 9,[True],['B1067'],['ASOG'],['ASDS'],[True],[True],2023,2023-10,Starlink
66133437-db31-4098-8e3e-cf34c8125f9b,2023-10-13 14:19:43,Success,Launch Complex 39A,Psyche,Helio-N/A,Falcon Heavy,"[False, True, True]","['B1079', 'B1064', 'B1065']","['ATL', 'LZ-1', 'LZ-2']","['EXP', 'RTLS', 'RTLS']","[False, True, True]","[nan, True, True]",2023,2023-10,Commercial
432bc342-753e-4efe-8e3e-bd7158274b97,2023-10-09 07:43:50,Success,Space Launch Complex 4E,Starlink Group 7-4,LEO,Falcon 9,[True],['B1063'],['OCISLY'],['ASDS'],[True],[True],2023,2023-10,Starlink
16c2eec5-df98-4f84-8bf1-813f5fccf3f0,2023-10-05 05:36:30,Success,Space Launch Complex 40,Starlink Group 6-21,LEO,Falcon 9,[True],['B1076'],['JRTI'],['ASDS'],[True],[True],2023,2023-10,Starlink
1c75cf8f-7097-46cc-9fe3-28c4886df4a6,2023-09-30 02:00:00,Success,Space Launch Complex 40,Starlink Group 6-19,LEO,Falcon 9,[True],['B1069'],['ASOG'],['ASDS'],[True],[True],2023,2023-09,Starlink
1da29c40-6c7d-4cda-9b3b-d2c12c78c82b,2023-09-25 08:48:20,Success,Space Launch Complex 4E,Starlink Group 7-3,LEO,Falcon 9,[True],['B1075'],['OCISLY'],['ASDS'],[True],[True],2023,2023-09,Starlink
1c099ba2-9b8f-4364-8ba0-0c26f7993dd5,2023-09-24 03:38:30,Success,Space Launch Complex 40,Starlink Group 6-18,LEO,Falcon 9,[True],['B1060'],['JRTI'],['ASDS'],[True],[True],2023,2023-09,Starlink
7fc31961-b46f-4a45-9b1d-3caece884f61,2023-09-20 03:38:10,Success,Space Launch Complex 40,Starlink Group 6-17,LEO,Falcon 9,[True],['B1058'],['ASOG'],['ASDS'],[True],[True],2023,2023-09,Starlink
470bac70-cd8c-45fd-9a54-08f8f8f05049,2023-09-16 03:38:20,Success,Space Launch Complex 40,Starlink Group 6-16,LEO,Falcon 9,[True],['B1078'],['JRTI'],['ASDS'],[True],[True],2023,2023-09,Starlink
8ab7d138-f248-450f-94a6-0e957c1b19f2,2023-09-12 06:57:50,Success,Space Launch Complex 4E,Starlink Group 7-2,LEO,Falcon 9,[True],['B1071'],['OCISLY'],['ASDS'],[True],[True],2023,2023-09,Starlink
4fcf9157-faa0-4d63-8853-c9454f75f864,2023-09-09 03:12:50,Success,Space Launch Complex 40,Starlink Group 6-14,LEO,Falcon 9,[True],['B1076'],['ASOG'],['ASDS'],[True],[True],2023,2023-09,Starlink
f66687a3-d1f2-427d-8fe1-0454dc1fe9bd,2023-09-04 02:47:20,Success,Launch Complex 39A,Starlink Group 6-12,LEO,Falcon 9,[True],['B1073'],['JRTI'],['ASDS'],[True],[True],2023,2023-09,Starlink
9248a1d0-393f-469a-b9c6-19470247e6fd,2023-09-02 14:25:00,Success,Space Launch Complex 4E,SDA Tranche 0B,PO,Falcon 9,[True],['B1063'],['LZ-4'],['RTLS'],[True],[True],2023,2023-09,Commercial
83dccf61-8e2a-4492-8784-d67252e0ff53,2023-09-01 02:21:50,Success,Space Launch Complex 40,Starlink Group 6-13,LEO,Falcon 9,[True],['B1077'],['ASOG'],['ASDS'],[True],[True],2023,2023-09,Starlink
87fba73c-f085-4abf-830d-fae92c599977,2023-08-27 01:05:40,Success,Space Launch Complex 40,Starlink Group 6-11,LEO,Falcon 9,[True],['B1080'],['JRTI'],['ASDS'],[True],[True],2023,2023-08,Starlink
1caacff9-837e-493b-afd4-4da54eeccdf2,2023-08-26 07:27:00,Success,Launch Complex 39A,Crew-7,LEO,Falcon 9,[False],['B1081'],['LZ-1'],['RTLS'],[True],[True],2023,2023-08,Commercial
15699687-3fb1-4749-9680-fc858e5e7081,2023-08-22 09:37:30,Success,Space Launch Complex 4E,Starlink Group 7-1,LEO,Falcon 9,[True],['B1061'],['OCISLY'],['ASDS'],[True],[True],2023,2023-08,Starlink
09642682-60f3-4470-a802-18788601c5a5,2023-08-17 03:36:50,Success,Space Launch Complex 40,Starlink Group 6-10,LEO,Falcon 9,[True],['B1067'],['ASOG'],['ASDS'],[True],[True],2023,2023-08,Starlink
12e9acca-5aee-4751-9083-5e205d9528c8,2023-08-11 05:17:40,Success,Space Launch Complex 40,Starlink Group 6-9,LEO,Falcon 9,[True],['B1069'],['JRTI'],['ASDS'],[True],[True],2023,2023-08,Starlink
31df6182-f50d-401b-9144-86b9d01911df,2023-08-08 03:57:00,Success,Space Launch Complex 4E,Starlink Group 6-20,LEO,Falcon 9,[True],['B1075'],['OCISLY'],['ASDS'],[True],[True],2023,2023-08,Starlink
ce0089c7-c61c-46a2-a9c1-10f2d6d066f0,2023-08-07 02:41:10,Success,Space Launch Complex 40,Starlink Group 6-8,LEO,Falcon 9,[True],['B1078'],['ASOG'],['ASDS'],[True],[True],2023,2023-08,Starlink
afc772a3-6ea7-4550-a4e9-35c70c22ebba,2023-08-03 05:00:00,Success,Space Launch Complex 40,Galaxy 37,GTO,Falcon 9,[True],['B1077'],['JRTI'],['ASDS'],[True],[True],2023,2023-08,Commercial
72491a20-315d-4aea-b6df-d1202930bd60,2023-07-29 03:04:00,Success,Launch Complex 39A,EchoStar 24/Jupiter-3,GTO,Falcon Heavy,"[False, True, True]","['B1074', 'B1064', 'B1065']","['ATL', 'LZ-1', 'LZ-2']","['Ocean', 'RTLS', 'RTLS']","[False, True, True]","[nan, True, True]",2023,2023-07,Commercial
ce5f4f47-c54d-4014-84f2-17a556892420,2023-07-28 04:01:10,Success,Space Launch Complex 40,Starlink Group 6-7,LEO,Falcon 9,[True],['B1062'],['ASOG'],['ASDS'],[True],[True],2023,2023-07,Starlink
c407b340-49e6-447a-b872-8441618f0ec7,2023-07-24 00:50:30,Success,Space Launch Complex 40,Starlink Group 6-6,LEO,Falcon 9,[True],['B1076'],['JRTI'],['ASDS'],[True],[True],2023,2023-07,Starlink
9e94b0b7-d88b-4cdf-9793-acdec5850613,2023-07-20 04:09:30,Success,Space Launch Complex 4E,Starlink Group 6-15,LEO,Falcon 9,[True],['B1071'],['OCISLY'],['ASDS'],[True],[True],2023,2023-07,Starlink
885ceb2a-bdf3-427b-9e98-ecfbd04d4e01,2023-07-16 03:50:00,Success,Space Launch Complex 40,Starlink Group 5-15,LEO,Falcon 9,[True],['B1060'],['ASOG'],['ASDS'],[True],[True],2023,2023-07,Starlink
6f4ed2b9-918d-44e3-a8a9-cfdafc8cf8ce,2023-07-10 03:58:50,Success,Space Launch Complex 40,Starlink Group 6-5,LEO,Falcon 9,[True],['B1058'],['JRTI'],['ASDS'],[True],[True],2023,2023-07,Starlink
5d3e11d7-5d13-4c8c-b94a-c73da97c39a5,2023-07-07 19:29:50,Success,Space Launch Complex 4E,Starlink Group 5-13,LEO,Falcon 9,[True],['B1063'],['OCISLY'],['ASDS'],[True],[True],2023,2023-07,Starlink
49d20d1b-18dd-4da6-a061-eacd0156fcc4,2023-07-01 15:12:00,Success,Space Launch Complex 40,Euclid,L2,Falcon 9,[True],['B1080'],['ASOG'],['ASDS'],[True],[True],2023,2023-07,Commercial
168f4cf5-35e9-4e4c-90c3-61f1dcd6975e,2023-06-23 15:35:10,Success,Space Launch Complex 40,Starlink Group 5-12,LEO,Falcon 9,[True],['B1069'],['JRTI'],['ASDS'],[True],[True],2023,2023-06,Starlink
4250862e-5e59-465c-90ac-262e85db6086,2023-06-22 07:19:00,Success,Space Launch Complex 4E,Starlink Group 5-7,LEO,Falcon 9,[True],['B1075'],['OCISLY'],['ASDS'],[True],[True],2023,2023-06,Starlink
76e42f7b-6690-41be-95c1-811aab0ccf32,2023-06-18 22:21:00,Success,Space Launch Complex 40,Satria-1,GTO,Falcon 9,[True],['B1067'],['ASOG'],['ASDS'],[True],[True],2023,2023-06,Commercial
1e0c3a19-02a8-481b-9b7e-1392327c1826,2023-06-12 21:35:00,Success,Space Launch Complex 4E,Transporter 8 (Dedicated SSO Rideshare),SSO,Falcon 9,[True],['B1071'],['LZ-4'],['RTLS'],[True],[True],2023,2023-06,Commercial
5eba4955-6292-4a62-bc07-07443ff4baaa,2023-06-12 07:10:50,Success,Space Launch Complex 40,Starlink Group 5-11,LEO,Falcon 9,[True],['B1073'],['JRTI'],['ASDS'],[True],[True],2023,2023-06,Starlink
e53eecd6-184d-440a-955a-70fe0fdccbd6,2023-06-05 15:47:00,Success,Launch Complex 39A,Dragon CRS-2 SpX-28,LEO,Falcon 9,[True],['B1077'],['ASOG'],['ASDS'],[True],[True],2023,2023-06,Commercial
066250e1-a3fe-4483-88d7-8b80c7251a5f,2023-06-04 12:20:00,Success,Space Launch Complex 40,Starlink Group 6-4,LEO,Falcon 9,[True],['B1078'],['JRTI'],['ASDS'],[True],[True],2023,2023-06,Starlink
5fa79e26-9ada-4a81-9735-c0b0a96a157a,2023-05-31 06:02:30,Success,Space Launch Complex 4E,Starlink Group 2-10,LEO,Falcon 9,[True],['B1061'],['OCISLY'],['ASDS'],[True],[True],2023,2023-05,Starlink
d5a80dcc-105b-445f-a8c4-394d7c7825ed,2023-05-27 04:30:00,Success,Space Launch Complex 40,BADR-8,GTO,Falcon 9,[True],['B1062'],['JRTI'],['ASDS'],[True],[True],2023,2023-05,Commercial
0297d3dc-0513-450a-babc-6f3da8e8c181,2023-05-21 21:37:00,Success,Launch Complex 39A,Axiom Space Mission 2,LEO,Falcon 9,[False],['B1080'],['LZ-1'],['RTLS'],[True],[True],2023,2023-05,Commercial
6d55d3cf-5c95-4c23-8c5e-1da44fbe299d,2023-05-20 13:16:33,Success,Space Launch Complex 4E,Iridium-9 & OneWeb 19,PO,Falcon 9,[True],['B1063'],['OCISLY'],['ASDS'],[True],[True],2023,2023-05,Commercial
0962fe02-4a3d-4131-8bc5-ee7bd2bc97fa,2023-05-19 06:19:30,Success,Space Launch Complex 40,Starlink Group 6-3,LEO,Falcon 9,[True],['B1076'],['ASOG'],['ASDS'],[True],[True],2023,2023-05,Starlink
f5a3eb4c-9eb5-4e28-acfb-7903a9e11371,2023-05-14 05:03:50,Success,Space Launch Complex 40,Starlink Group 5-9,LEO,Falcon 9,[True],['B1067'],['JRTI'],['ASDS'],[True],[True],2023,2023-05,Starlink
84dd42a7-765d-404c-bf12-a81eeb0f2e32,2023-05-10 20:09:00,Success,Space Launch Complex 4E,Starlink Group 2-9,LEO,Falcon 9,[True],['B1075'],['OCISLY'],['ASDS'],[True],[True],2023,2023-05,Starlink
16e0f780-7d6d-46bc-a0d4-cb23368e3501,2023-05-04 07:31:00,Success,Space Launch Complex 40,Starlink Group 5-6,LEO,Falcon 9,[True],['B1069'],['ASOG'],['ASDS'],[True],[True],2023,2023-05,Starlink
8b1067dd-81c6-4bc3-b0f1-45f78963716f,2023-05-01 00:26:00,Success,Launch Complex 39A,ViaSat-3 Americas & Others,GTO,Falcon Heavy,"[False, True, True]","['B1068', 'B1052', 'B1053']","['ATL', 'ATL', 'ATL']","['Ocean', 'Ocean', 'Ocean']","[False, False, False]","[nan, nan, nan]",2023,2023-05,Commercial
ff9b6a09-2b5a-4ca3-934e-c86db21b7a1b,2023-04-28 22:12:00,Success,Space Launch Complex 40,O3b mPower 3 & 4,MEO,Falcon 9,[True],['B1078'],['JRTI'],['ASDS'],[True],[True],2023,2023-04,Commercial
bb327f29-b9c0-4b07-98a5-0493ab351875,2023-04-27 13:40:50,Success,Space Launch Complex 4E,Starlink Group 3-5,LEO,Falcon 9,[True],['B1061'],['OCISLY'],['ASDS'],[True],[True],2023,2023-04,Starlink
e32d375f-0d6e-4e54-b4f2-2b49db657fca,2023-04-20 13:33:00,Failure,Orbital Launch Mount A,Integrated Flight Test,Sub,Starship,[False],['Booster 7'],['GOM'],['Ocean'],[False],[nan],2023,2023-04,Commercial
8e4e1804-6ba8-486b-bbbb-e4d9f15c3376,2023-04-19 14:31:10,Success,Space Launch Complex 40,Starlink Group 6-2,LEO,Falcon 9,[True],['B1073'],['ASOG'],['ASDS'],[True],[True],2023,2023-04,Starlink
d8bd2b25-129b-4ab7-95d9-fb8ad1fdd73e,2023-04-15 06:48:00,Success,Space Launch Complex 4E,Transporter 7 (Dedicated SSO Rideshare),SSO,Falcon 9,[True],['B1063'],['LZ-4'],['RTLS'],[True],[True],2023,2023-04,Commercial
89931acb-0ffe-42b6-8f59-e339d17a1d77,2023-04-07 04:30:00,Success,Space Launch Complex 40,Intelsat 40e,GTO,Falcon 9,[True],['B1076'],['ASOG'],['ASDS'],[True],[True],2023,2023-04,Commercial
0705d82e-11b4-4e78-9075-457987f9f32f,2023-04-02 14:29:00,Success,Space Launch Complex 4E,SDA Tranche 0A,PO,Falcon 9,[True],['B1075'],['LZ-4'],['RTLS'],[True],[True],2023,2023-04,Commercial
324cb054-c704-4c65-83af-2d5221d5e82a,2023-03-29 20:01:00,Success,Space Launch Complex 40,Starlink Group 5-10,LEO,Falcon 9,[True],['B1077'],['JRTI'],['ASDS'],[True],[True],2023,2023-03,Starlink
393eb981-7952-44e5-bfbb-59410db0ef94,2023-03-24 15:43:10,Success,Space Launch Complex 40,Starlink Group 5-5,LEO,Falcon 9,[True],['B1067'],['ASOG'],['ASDS'],[True],[True],2023,2023-03,Starlink
bd1d5c2b-5a73-4557-9b92-c16b916c8bbd,2023-03-17 23:38:00,Success,Space Launch Complex 40,SES-18 & SES-19,GTO,Falcon 9,[True],['B1069'],['JRTI'],['ASDS'],[True],[True],2023,2023-03,Commercial
4470fe15-bd51-408b-9d58-283891f97344,2023-03-17 19:26:40,Success,Space Launch Complex 4E,Starlink Group 2-8,LEO,Falcon 9,[True],['B1071'],['OCISLY'],['ASDS'],[True],[True],2023,2023-03,Starlink
9a0216fd-811b-4e20-be0a-98e6c54859e4,2023-03-15 00:30:42,Success,Launch Complex 39A,Dragon CRS-2 SpX-27,LEO,Falcon 9,[True],['B1073'],['ASOG'],['ASDS'],[True],[True],2023,2023-03,Commercial
7d6982f5-d7e3-4d10-9655-0e83999d81a6,2023-03-09 19:13:28,Success,Space Launch Complex 40,OneWeb 17,PO,Falcon 9,[True],['B1062'],['LZ-1'],['RTLS'],[True],[True],2023,2023-03,Commercial
16b81321-f53c-4323-b79d-528b1c2480d0,2023-03-03 18:38:50,Success,Space Launch Complex 4E,Starlink Group 2-7,LEO,Falcon 9,[True],['B1061'],['OCISLY'],['ASDS'],[True],[True],2023,2023-03,Starlink
bc325945-4bee-4412-84e1-14998b2eba5f,2023-03-02 05:34:14,Success,Launch Complex 39A,Crew-6,LEO,Falcon 9,[False],['B1078'],['JRTI'],['ASDS'],[True],[True],2023,2023-03,Commercial
62588687-1153-4c69-8ea0-e6c5e0a9877e,2023-02-27 23:13:50,Success,Space Launch Complex 40,Starlink Group 6-1,LEO,Falcon 9,[True],['B1076'],['ASOG'],['ASDS'],[True],[True],2023,2023-02,Starlink
d6e60f3b-21d0-44f9-be02-fe0c00289b6a,2023-02-18 03:59:00,Success,Space Launch Complex 40,Inmarsat-6 F2,GTO,Falcon 9,[True],['B1077'],['JRTI'],['ASDS'],[True],[True],2023,2023-02,Commercial
ae6b4088-983b-413d-baca-11c5650167d1,2023-02-17 19:12:20,Success,Space Launch Complex 4E,Starlink Group 2-5,LEO,Falcon 9,[True],['B1063'],['OCISLY'],['ASDS'],[True],[True],2023,2023-02,Starlink
3bd674c9-b689-40c4-bfe2-844c71e40844,2023-02-12 05:10:10,Success,Space Launch Complex 40,Starlink Group 5-4,LEO,Falcon 9,[True],['B1062'],['ASOG'],['ASDS'],[True],[True],2023,2023-02,Starlink
59449fa1-f709-40c0-bcad-f669b3ee48b4,2023-02-07 01:32:00,Success,Space Launch Complex 40,Amazonas Nexus,GTO,Falcon 9,[True],['B1073'],['JRTI'],['ASDS'],[True],[True],2023,2023-02,Commercial
072f9f30-3114-4e90-81c7-8111d7d9ae20,2023-02-02 07:58:20,Success,Launch Complex 39A,Starlink Group 5-3,LEO,Falcon 9,[True],['B1069'],['ASOG'],['ASDS'],[True],[True],2023,2023-02,Starlink
f5a5ba75-16c4-4f30-9262-3195a2016f44,2023-01-31 16:15:00,Success,Space Launch Complex 4E,Starlink Group 2-6 & ION SCV009,LEO,Falcon 9,[True],['B1071'],['OCISLY'],['ASDS'],[True],[True],2023,2023-01,Starlink
8e6946a2-43d0-4804-b3de-f937966f8425,2023-01-26 09:32:20,Success,Space Launch Complex 40,Starlink Group 5-2,LEO,Falcon 9,[True],['B1067'],['JRTI'],['ASDS'],[True],[True],2023,2023-01,Starlink
050eecbc-ebfc-4656-9fee-1dbc5e5c59a4,2023-01-19 15:43:10,Success,Space Launch Complex 4E,Starlink Group 2-4,LEO,Falcon 9,[False],['B1075'],['OCISLY'],['ASDS'],[True],[True],2023,2023-01,Starlink
572dbb78-06f5-47dd-be8c-593967333d81,2023-01-18 12:24:00,Success,Space Launch Complex 40,GPS III SV06,MEO,Falcon 9,[True],['B1077'],['ASOG'],['ASDS'],[True],[True],2023,2023-01,Commercial
571bf2c1-59eb-4079-b785-0472324d3a2d,2023-01-15 22:56:00,Success,Launch Complex 39A,USSF-67,Direct-GEO,Falcon Heavy,"[True, True, False]","['B1064', 'B1065', 'B1070']","['LZ-2', 'LZ-1', 'ATL']","['RTLS', 'RTLS', 'Ocean']","[True, True, False]","[True, True, nan]",2023,2023-01,Commercial
d0132d83-687d-44e5-8406-1b639a0906c9,2023-01-10 04:50:00,Success,Space Launch Complex 40,OneWeb 16,PO,Falcon 9,[True],['B1076'],['LZ-1'],['RTLS'],[True],[True],2023,2023-01,Commercial
fc0b222b-f55e-40d1-8f04-2a8885f9f075,2023-01-03 14:55:56,Success,Space Launch Complex 40,Transporter 6 (Dedicated SSO Rideshare),SSO,Falcon 9,[True],['B1060'],['LZ-1'],['RTLS'],[True],[True],2023,2023-01,Commercial
fbd69a52-ede3-420f-8148-ffb251f6be94,2022-12-30 07:38:00,Success,Space Launch Complex 4E,EROS-C3,LEO,Falcon 9,[True],['B1061'],['LZ-4'],['RTLS'],[True],[True],2022,2022-12,Commercial
d955a829-0222-41d8-8f69-ee1d5f851b93,2022-12-28 09:34:00,Success,Space Launch Complex 40,Starlink Group 5-1,LEO,Falcon 9,[True],['B1062'],['ASOG'],['ASDS'],[True],[True],2022,2022-12,Starlink
bf91b6d9-f517-4198-843c-dc82dfa6f9b0,2022-12-17 21:32:00,Success,Launch Complex 39A,Starlink Group 4-37,LEO,Falcon 9,[True],['B1058'],['JRTI'],['ASDS'],[True],[True],2022,2022-12,Starlink
7105c4f4-7427-4f9a-a959-a8ecedd6062b,2022-12-16 22:48:00,Success,Space Launch Complex 40,O3b mPower 1 & 2,MEO,Falcon 9,[True],['B1067'],['ASOG'],['ASDS'],[True],[True],2022,2022-12,Commercial
8226d219-b612-4797-a9d2-c5ca7ab0b076,2022-12-16 11:46:47,Success,Space Launch Complex 4E,SWOT (Surface Water and Ocean Topography),LEO,Falcon 9,[True],['B1071'],['LZ-4'],['RTLS'],[True],[True],2022,2022-12,Commercial
2306e0bc-e1a3-4a4a-9285-e1a94073655e,2022-12-11 07:38:13,Success,Space Launch Complex 40,Hakuto-R M1 & Lunar Flashlight,LO,Falcon 9,[True],['B1073'],['LZ-2'],['RTLS'],[True],[True],2022,2022-12,Commercial
03d55128-630b-4630-b3b1-2d9bf34946a8,2022-12-08 22:27:48,Success,Launch Complex 39A,OneWeb 15,PO,Falcon 9,[True],['B1069'],['LZ-1'],['RTLS'],[True],[True],2022,2022-12,Commercial
8b360e14-f90d-4a34-9a81-cb5a5ac364c1,2022-11-26 19:20:43,Success,Launch Complex 39A,Dragon CRS-2 SpX-26,LEO,Falcon 9,[False],['B1076'],['JRTI'],['ASDS'],[True],[True],2022,2022-11,Commercial
d39b1374-21d3-467a-967d-f22a2cc199e3,2022-11-23 02:57:00,Success,Space Launch Complex 40,Eutelsat 10B,GTO,Falcon 9,[True],['B1049'],['ATL'],['Ocean'],[False],[nan],2022,2022-11,Commercial
409f94d5-f3ef-4e33-b639-5c8e66a506fc,2022-11-12 16:06:00,Success,Space Launch Complex 40,Galaxy 31 & 32,GTO,Falcon 9,[True],['B1051'],['ATL'],['Ocean'],[False],[nan],2022,2022-11,Commercial
baf2eb66-6cfc-48bb-9ced-85c40218abf1,2022-11-03 05:22:00,Success,Space Launch Complex 40,Hotbird 13G,GTO,Falcon 9,[True],['B1067'],['JRTI'],['ASDS'],[True],[True],2022,2022-11,Commercial
aa88b853-9e04-4a28-9433-d87799331b1b,2022-11-01 13:41:00,Success,Launch Complex 39A,USSF-44,Direct-GEO,Falcon Heavy,"[False, False, False]","['B1066', 'B1064', 'B1065']","['ATL', 'LZ-1', 'LZ-2']","['Ocean', 'RTLS', 'RTLS']","[False, True, True]","[nan, True, True]",2022,2022-11,Commercial
4d3bde71-3ead-4236-af5b-eccfa7549f4f,2022-10-28 01:14:10,Success,Space Launch Complex 4E,Starlink Group 4-31,LEO,Falcon 9,[True],['B1063'],['OCISLY'],['ASDS'],[True],[True],2022,2022-10,Starlink
adcb0090-6f97-40c2-821f-104b5ed3e9c7,2022-10-20 14:50:00,Success,Space Launch Complex 40,Starlink Group 4-36,LEO,Falcon 9,[True],['B1062'],['ASOG'],['ASDS'],[True],[True],2022,2022-10,Starlink
13977bd5-45d2-4ed1-9a4a-9fefeee0723a,2022-10-15 05:22:00,Success,Space Launch Complex 40,Hotbird 13F,GTO,Falcon 9,[True],['B1069'],['JRTI'],['ASDS'],[True],[True],2022,2022-10,Commercial
03ee73b8-a553-4575-8dfa-d0da4e7939e9,2022-10-08 23:05:00,Success,Space Launch Complex 40,Galaxy 33 & 34,GTO,Falcon 9,[True],['B1060'],['ASOG'],['ASDS'],[True],[True],2022,2022-10,Commercial
597cbe7c-4df2-46f2-9234-a3747e0a105b,2022-10-05 23:10:30,Success,Space Launch Complex 4E,Starlink Group 4-29,LEO,Falcon 9,[True],['B1071'],['OCISLY'],['ASDS'],[True],[True],2022,2022-10,Starlink
f33d5ece-e825-4cd8-809f-1d4c72a2e0d3,2022-10-05 16:00:57,Success,Launch Complex 39A,Crew-5,LEO,Falcon 9,[False],['B1077'],['JRTI'],['ASDS'],[True],[True],2022,2022-10,Commercial
1c903b65-6667-4fd5-944d-296c5f13e01f,2022-09-24 23:32:10,Success,Space Launch Complex 40,Starlink Group 4-35,LEO,Falcon 9,[True],['B1073'],['ASOG'],['ASDS'],[True],[True],2022,2022-09,Starlink
9ba04064-c329-40bf-b477-ff468d7d8058,2022-09-19 00:18:00,Success,Space Launch Complex 40,Starlink Group 4-34,LEO,Falcon 9,[True],['B1067'],['JRTI'],['ASDS'],[True],[True],2022,2022-09,Starlink
992823ad-f843-4a4a-beca-882b8ce8773a,2022-09-11 01:20:00,Success,Launch Complex 39A,Starlink Group 4-2 & BlueWalker 3,LEO,Falcon 9,[True],['B1058'],['ASOG'],['ASDS'],[True],[True],2022,2022-09,Starlink
84bf3b54-96ca-4ac4-bbaf-e25ed03e831c,2022-09-05 02:09:40,Success,Space Launch Complex 40,Starlink Group 4-20 & Varuna-TDM,LEO,Falcon 9,[True],['B1052'],['JRTI'],['ASDS'],[True],[True],2022,2022-09,Starlink
576b04d6-1962-4bda-b43f-0da4138d192d,2022-08-31 05:40:10,Success,Space Launch Complex 4E,Starlink Group 3-4,LEO,Falcon 9,[True],['B1063'],['OCISLY'],['ASDS'],[True],[True],2022,2022-08,Starlink
67158b3c-201d-4450-be8a-990010c05b40,2022-08-28 03:41:20,Success,Space Launch Complex 40,Starlink Group 4-23,LEO,Falcon 9,[True],['B1069'],['ASOG'],['ASDS'],[True],[True],2022,2022-08,Starlink
4a114237-e8c5-4248-8d30-7a9026b86430,2022-08-19 19:21:20,Success,Space Launch Complex 40,Starlink Group 4-27,LEO,Falcon 9,[True],['B1062'],['ASOG'],['ASDS'],[True],[True],2022,2022-08,Starlink
4f2c5733-5019-4f7a-8403-15a1a270bf96,2022-08-12 21:40:20,Success,Space Launch Complex 4E,Starlink Group 3-3,LEO,Falcon 9,[True],['B1061'],['OCISLY'],['ASDS'],[True],[True],2022,2022-08,Starlink
a6b9deb4-f78d-4b57-8e47-98c5aea99d9e,2022-08-10 02:14:00,Success,Launch Complex 39A,Starlink Group 4-26,LEO,Falcon 9,[True],['B1073'],['ASOG'],['ASDS'],[True],[True],2022,2022-08,Starlink
75d7306e-1d76-4c0b-9dc4-98dee7b9af59,2022-08-04 23:08:00,Success,Space Launch Complex 40,Danuri (KPLO - Korean Pathfinder Lunar Orbiter),,Falcon 9,[True],['B1052'],['JRTI'],['ASDS'],[True],[True],2022,2022-08,Commercial
4ddf282b-94a1-418e-b3f6-7d8e753fdfec,2022-07-24 13:38:00,Success,Launch Complex 39A,Starlink Group 4-25,LEO,Falcon 9,[True],['B1062'],['ASOG'],['ASDS'],[True],[True],2022,2022-07,Starlink
b3d0dafc-9b12-4c35-8ceb-3fa21802236f,2022-07-22 17:39:40,Success,Space Launch Complex 4E,Starlink Group 3-2,LEO,Falcon 9,[True],['B1071'],['OCISLY'],['ASDS'],[True],[True],2022,2022-07,Starlink
84f9bbdd-0e2c-468e-b1d0-73d640745c13,2022-07-17 14:20:00,Success,Space Launch Complex 40,Starlink Group 4-22,LEO,Falcon 9,[True],['B1051'],['JRTI'],['ASDS'],[True],[True],2022,2022-07,Starlink
2773613e-58eb-4b99-8120-595c92aa3390,2022-07-15 00:44:20,Success,Launch Complex 39A,Dragon CRS-2 SpX-25,LEO,Falcon 9,[True],['B1067'],['ASOG'],['ASDS'],[True],[True],2022,2022-07,Commercial
051c4c90-a89d-4a86-a77f-c7e22b9cb458,2022-07-11 01:39:40,Success,Space Launch Complex 4E,Starlink Group 3-1,LEO,Falcon 9,[True],['B1063'],['OCISLY'],['ASDS'],[True],[True],2022,2022-07,Starlink
ac4ce8e1-fd76-4654-8809-5500ba792a8a,2022-07-07 13:11:00,Success,Space Launch Complex 40,Starlink Group 4-21,LEO,Falcon 9,[True],['B1058'],['JRTI'],['ASDS'],[True],[True],2022,2022-07,Starlink
86a3010e-f8ef-4b64-a029-f4f92829772d,2022-06-29 21:04:00,Success,Space Launch Complex 40,SES-22,GTO,Falcon 9,[True],['B1073'],['ASOG'],['ASDS'],[True],[True],2022,2022-06,Commercial
33223258-614c-449c-8af7-a9f75cc036b2,2022-06-19 04:27:00,Success,Space Launch Complex 40,Globalstar-2 FM15 & USA 328-331,LEO,Falcon 9,[True],['B1061'],['JRTI'],['ASDS'],[True],[True],2022,2022-06,Commercial
4ca945f6-981f-4ee9-8a79-f1204b785f8c,2022-06-18 14:19:00,Success,Space Launch Complex 4E,SARah 1,SSO,Falcon 9,[True],['B1071'],['LZ-4'],['RTLS'],[True],[True],2022,2022-06,Commercial
179789f0-9380-4182-8ea2-676504c2f890,2022-06-17 16:09:20,Success,Launch Complex 39A,Starlink Group 4-19,LEO,Falcon 9,[True],['B1060'],['ASOG'],['ASDS'],[True],[True],2022,2022-06,Starlink
62fb58f6-1d43-4b24-862f-6ac5bee5f723,2022-06-08 21:04:00,Success,Space Launch Complex 40,Nilesat-301,Direct-GEO,Falcon 9,[True],['B1062'],['JRTI'],['ASDS'],[True],[True],2022,2022-06,Commercial
949421ac-3802-499b-b383-d8274de7e147,2022-05-25 18:35:00,Success,Space Launch Complex 40,Transporter 5 (Dedicated SSO Rideshare),SSO,Falcon 9,[True],['B1061'],['LZ-1'],['RTLS'],[True],[True],2022,2022-05,Commercial
27795b91-eb0e-43f1-898b-a23d9ff332db,2022-05-18 10:59:40,Success,Launch Complex 39A,Starlink Group 4-18,LEO,Falcon 9,[True],['B1052'],['ASOG'],['ASDS'],[True],[True],2022,2022-05,Starlink
b418d984-a9d1-4fa3-953d-c684a079714c,2022-05-14 20:40:50,Success,Space Launch Complex 40,Starlink Group 4-15,LEO,Falcon 9,[False],['B1073'],['JRTI'],['ASDS'],[True],[True],2022,2022-05,Starlink
0bc91464-1d61-4545-95c8-01040dc5eec9,2022-05-13 22:07:00,Success,Space Launch Complex 4E,Starlink Group 4-13,LEO,Falcon 9,[True],['B1063'],['OCISLY'],['ASDS'],[True],[True],2022,2022-05,Starlink
4f25c927-6a49-4472-814f-4f1a20d93604,2022-05-06 09:42:00,Success,Launch Complex 39A,Starlink Group 4-17,LEO,Falcon 9,[True],['B1058'],['ASOG'],['ASDS'],[True],[True],2022,2022-05,Starlink
b79a9332-4c0c-42a2-a59b-aafcd5d4721d,2022-04-29 21:27:10,Success,Space Launch Complex 40,Starlink Group 4-16,LEO,Falcon 9,[True],['B1062'],['JRTI'],['ASDS'],[True],[True],2022,2022-04,Starlink
d786d8fc-862b-45bf-8f7b-9ad862883f67,2022-04-27 07:52:55,Success,Launch Complex 39A,Crew-4,LEO,Falcon 9,[True],['B1067'],['ASOG'],['ASDS'],[True],[True],2022,2022-04,Commercial
2c5447d7-36c5-40fd-88de-47ed6b258bdb,2022-04-21 17:51:40,Success,Space Launch Complex 40,Starlink Group 4-14,LEO,Falcon 9,[True],['B1060'],['JRTI'],['ASDS'],[True],[True],2022,2022-04,Starlink
42932355-c450-4250-a885-2d2709fd7cfc,2022-04-17 13:13:12,Success,Space Launch Complex 4E,NROL-85,,Falcon 9,[True],['B1071'],['LZ-4'],['RTLS'],[True],[True],2022,2022-04,Commercial
a3eeb03b-a209-4255-91b5-772dc0d2150e,2022-04-08 15:17:11,Success,Launch Complex 39A,Axiom Space Mission 1,LEO,Falcon 9,[True],['B1062'],['ASOG'],['ASDS'],[True],[True],2022,2022-04,Commercial
335acce9-a35c-436c-9a22-a2505f20957f,2022-04-01 16:24:17,Success,Space Launch Complex 40,Transporter 4 (Dedicated SSO Rideshare),SSO,Falcon 9,[True],['B1061'],['JRTI'],['ASDS'],[True],[True],2022,2022-04,Commercial
72188aca-810d-40b9-887d-43040614dd2c,2022-03-19 04:42:30,Success,Space Launch Complex 40,Starlink Group 4-12,LEO,Falcon 9,[True],['B1051'],['JRTI'],['ASDS'],[True],[True],2022,2022-03,Starlink
d8c7fbe0-6a32-42dc-8c24-f1c632adc8b5,2022-03-09 13:45:00,Success,Space Launch Complex 40,Starlink Group 4-10,LEO,Falcon 9,[True],['B1052'],['ASOG'],['ASDS'],[True],[True],2022,2022-03,Starlink
861795c5-e694-4d3e-b22f-a356a31cd5d8,2022-03-03 14:25:00,Success,Launch Complex 39A,Starlink Group 4-9,LEO,Falcon 9,[True],['B1060'],['JRTI'],['ASDS'],[True],[True],2022,2022-03,Starlink
b7b24770-f9dd-40eb-adad-da95e917e55d,2022-02-25 17:12:10,Success,Space Launch Complex 4E,Starlink Group 4-11,LEO,Falcon 9,[True],['B1063'],['OCISLY'],['ASDS'],[True],[True],2022,2022-02,Starlink
398e713f-5daa-4fb9-a70a-0b8654baf5d1,2022-02-21 14:44:20,Success,Space Launch Complex 40,Starlink Group 4-8,LEO,Falcon 9,[True],['B1058'],['ASOG'],['ASDS'],[True],[True],2022,2022-02,Starlink
de39dd1a-0f72-4afd-a6b9-1b848b246071,2022-02-03 18:13:00,Success,Launch Complex 39A,Starlink Group 4-7,LEO,Falcon 9,[True],['B1061'],['ASOG'],['ASDS'],[True],[True],2022,2022-02,Starlink
2e650790-ff3e-434a-b028-a6a1a13cfc94,2022-02-02 20:27:26,Success,Space Launch Complex 4E,NROL 87,SSO,Falcon 9,[False],['B1071'],['LZ-4'],['RTLS'],[True],[True],2022,2022-02,Commercial
23229c2b-abb7-4b94-b624-981a9adc88d2,2022-01-31 23:11:14,Success,Space Launch Complex 40,CSG-2,SSO,Falcon 9,[True],['B1052'],['LZ-1'],['RTLS'],[True],[True],2022,2022-01,Commercial
50ac28f2-024f-442f-837d-dab8107304ec,2022-01-19 02:02:40,Success,Launch Complex 39A,Starlink Group 4-6,LEO,Falcon 9,[True],['B1060'],['ASOG'],['ASDS'],[True],[True],2022,2022-01,Starlink
c660df6f-7e33-4c90-a0f5-b27c8cb4c974,2022-01-13 15:25:39,Success,Space Launch Complex 40,Transporter 3 (Dedicated SSO Rideshare),SSO,Falcon 9,[True],['B1058'],['LZ-1'],['RTLS'],[True],[True],2022,2022-01,Commercial
3ddb1934-2b57-489b-b5d2-31d4990604eb,2022-01-06 21:49:10,Success,Launch Complex 39A,Starlink Group 4-5,LEO,Falcon 9,[True],['B1062'],['ASOG'],['ASDS'],[True],[True],2022,2022-01,Starlink
878ba32c-5e93-4d2b-95c3-24b60c8b05e7,2021-12-21 10:07:08,Success,Launch Complex 39A,Dragon CRS-2 SpX-24,LEO,Falcon 9,[False],['B1069'],['JRTI'],['ASDS'],[True],[True],2021,2021-12,Commercial
16d0c02e-0bb1-45d5-a3f5-7c4ff6cf6de1,2021-12-19 03:58:39,Success,Space Launch Complex 40,Türksat 5B,GTO,Falcon 9,[True],['B1067'],['ASOG'],['ASDS'],[True],[True],2021,2021-12,Commercial
0d4b0c0f-3d72-4cb2-b596-dc526ad178a6,2021-12-18 12:41:40,Success,Space Launch Complex 4E,Starlink Group 4-4,LEO,Falcon 9,[True],['B1051'],['OCISLY'],['ASDS'],[True],[True],2021,2021-12,Starlink
dfb2cc3b-8cd8-41b6-a83a-22b2a742ba4b,2021-12-09 06:00:00,Success,Launch Complex 39A,IXPE,LEO,Falcon 9,[True],['B1061'],['JRTI'],['ASDS'],[True],[True],2021,2021-12,Commercial
56db9abd-41b8-41a3-9d6d-88e52460682b,2021-12-02 23:12:00,Success,Space Launch Complex 40,Starlink Group 4-3,LEO,Falcon 9,[True],['B1060'],['ASOG'],['ASDS'],[True],[True],2021,2021-12,Starlink
c4b2f90e-3385-4cbe-a89f-fc5f57da1bfb,2021-11-24 06:21:02,Success,Space Launch Complex 4E,Double Asteroid Redirection Test (DART),Helio-N/A,Falcon 9,[True],['B1063'],['OCISLY'],['ASDS'],[True],[True],2021,2021-11,Commercial
e4200e5c-2726-43f2-8439-36bd1be59821,2021-11-13 12:19:00,Success,Space Launch Complex 40,Starlink Group 4-1,LEO,Falcon 9,[True],['B1058'],['JRTI'],['ASDS'],[True],[True],2021,2021-11,Starlink
0d779392-1a36-4c1e-b0b8-ec11e3031ee6,2021-11-11 02:03:31,Success,Launch Complex 39A,Crew-3,LEO,Falcon 9,[True],['B1067'],['ASOG'],['ASDS'],[True],[True],2021,2021-11,Commercial
621d64e6-0513-45dc-8ffa-c9fd56518398,2021-09-16 00:02:56,Success,Launch Complex 39A,Inspiration4,LEO,Falcon 9,[True],['B1062'],['JRTI'],['ASDS'],[True],[True],2021,2021-09,Commercial
6b9f9fe6-7f94-498b-a664-7c9e42dbe76d,2021-09-14 03:55:00,Success,Space Launch Complex 4E,Starlink Group 2-1,PO,Falcon 9,[True],['B1049'],['OCISLY'],['ASDS'],[True],[True],2021,2021-09,Starlink
13386512-85bb-4c93-a9b0-f5eac05fbe4f,2021-08-29 07:14:49,Success,Launch Complex 39A,Dragon CRS-2 SpX-23,LEO,Falcon 9,[True],['B1061'],['ASOG'],['ASDS'],[True],[True],2021,2021-08,Commercial
5d248abe-17ef-43ce-9c04-aef33af40520,2021-06-30 19:31:00,Success,Space Launch Complex 40,Transporter 2 (Dedicated SSO Rideshare),SSO,Falcon 9,[True],['B1060'],['LZ-1'],['RTLS'],[True],[True],2021,2021-06,Commercial
110c808a-a091-47ab-8532-4fa058c1de7a,2021-06-17 16:09:35,Success,Space Launch Complex 40,GPS III SV05,MEO,Falcon 9,[True],['B1062'],['JRTI'],['ASDS'],[True],[True],2021,2021-06,Commercial
edaf9a8d-d67c-4e0e-8452-a37b111581d5,2021-06-06 04:26:00,Success,Space Launch Complex 40,SXM-8,GTO,Falcon 9,[True],['B1061'],['JRTI'],['ASDS'],[True],[True],2021,2021-06,Commercial
89a150ea-6e4b-489f-853c-3603ae684611,2021-06-03 17:29:15,Success,Launch Complex 39A,Dragon CRS-2 SpX-22,LEO,Falcon 9,[False],['B1067'],['OCISLY'],['ASDS'],[True],[True],2021,2021-06,Commercial
fb25ecf0-fb51-4b5e-b678-105f6ba4c06e,2021-05-26 18:59:00,Success,Space Launch Complex 40,Starlink 28,LEO,Falcon 9,[True],['B1063'],['JRTI'],['ASDS'],[True],[True],2021,2021-05,Starlink
c32d1f5e-2dd9-4b55-ac8b-3eb8c4a4e955,2021-05-15 22:56:00,Success,Launch Complex 39A,Starlink 26 & Rideshare,LEO,Falcon 9,[True],['B1058'],['OCISLY'],['ASDS'],[True],[True],2021,2021-05,Starlink
e5085f22-208b-4b28-b66c-fd4bd9df90e7,2021-05-09 06:42:00,Success,Space Launch Complex 40,Starlink 27,LEO,Falcon 9,[True],['B1051'],['JRTI'],['ASDS'],[True],[True],2021,2021-05,Starlink
1ecc82c0-c5c8-41f0-aa58-b50a3b839ae0,2021-05-04 19:01:00,Success,Launch Complex 39A,Starlink 25,LEO,Falcon 9,[True],['B1049'],['OCISLY'],['ASDS'],[True],[True],2021,2021-05,Starlink
fbd23c86-89d0-4d3f-b5fb-5d7165d05cca,2021-04-29 03:44:00,Success,Space Launch Complex 40,Starlink 24,LEO,Falcon 9,[True],['B1060'],['JRTI'],['ASDS'],[True],[True],2021,2021-04,Starlink
32dcb5ad-7609-4fc0-8094-768ee5c2ebe0,2021-04-23 09:49:02,Success,Launch Complex 39A,Crew-2,LEO,Falcon 9,[True],['B1061'],['OCISLY'],['ASDS'],[True],[True],2021,2021-04,Commercial
385455f4-067e-4c24-9937-ca8283ed3307,2021-04-07 16:34:00,Success,Space Launch Complex 40,Starlink 23,LEO,Falcon 9,[True],['B1058'],['OCISLY'],['ASDS'],[True],[True],2021,2021-04,Starlink
ec03fe36-fe2a-4e43-8e10-d07d5349f1de,2021-03-24 08:28:00,Success,Space Launch Complex 40,Starlink 22,LEO,Falcon 9,[True],['B1060'],['OCISLY'],['ASDS'],[True],[True],2021,2021-03,Starlink
896d876d-e834-4810-8a5e-44d6b6a42630,2021-03-14 10:01:00,Success,Launch Complex 39A,Starlink 21,LEO,Falcon 9,[True],['B1051'],['OCISLY'],['ASDS'],[True],[True],2021,2021-03,Starlink
134eb787-244e-4131-8b03-c9fbd0a11efc,2021-03-11 08:13:00,Success,Space Launch Complex 40,Starlink 20,LEO,Falcon 9,[True],['B1058'],['JRTI'],['ASDS'],[True],[True],2021,2021-03,Starlink
dfd4f0e0-0ab4-494d-bd88-1b93b934b269,2021-03-04 08:24:00,Success,Launch Complex 39A,Starlink 17,LEO,Falcon 9,[True],['B1049'],['OCISLY'],['ASDS'],[True],[True],2021,2021-03,Starlink
985f1cc1-82c1-4a89-b2cc-e9dc91829a0e,2021-02-16 03:59:00,Success,Space Launch Complex 40,Starlink 19,LEO,Falcon 9,[True],['B1059'],['OCISLY'],['ASDS'],[True],[False],2021,2021-02,Starlink
f31702e8-6353-4c9a-932c-5bd104717500,2021-02-04 06:19:54,Success,Space Launch Complex 40,Starlink 18,LEO,Falcon 9,[True],['B1060'],['OCISLY'],['ASDS'],[True],[True],2021,2021-02,Starlink
f213a5df-579a-4682-8143-df228e463049,2021-01-24 15:00:00,Success,Space Launch Complex 40,Transporter 1 (Dedicated SSO Rideshare),SSO,Falcon 9,[True],['B1058'],['OCISLY'],['ASDS'],[True],[True],2021,2021-01,Commercial
74426779-131d-416f-9ff5-dd879e231292,2021-01-20 13:02:00,Success,Launch Complex 39A,Starlink 16,LEO,Falcon 9,[True],['B1051'],['JRTI'],['ASDS'],[True],[True],2021,2021-01,Starlink
d5d607b7-05ed-4142-8703-14b553c195e0,2021-01-08 02:15:00,Success,Space Launch Complex 40,Türksat 5A,GTO,Falcon 9,[True],['B1060'],['JRTI'],['ASDS'],[True],[True],2021,2021-01,Commercial
528b72ff-e47e-46a3-b7ad-23b2ffcec2f2,2020-12-19 14:00:00,Success,Launch Complex 39A,NROL-108,LEO,Falcon 9,[True],['B1059'],['LZ-1'],['RTLS'],[True],[True],2020,2020-12,Commercial
fd63c683-f3e4-465a-8230-b9ba62744c7d,2020-12-13 17:30:00,Success,Space Launch Complex 40,SXM-7,GTO,Falcon 9,[True],['B1051'],['JRTI'],['ASDS'],[True],[True],2020,2020-12,Commercial
06dfcb34-0b76-4fbc-9046-09ab66db7b83,2020-12-06 16:17:00,Success,Launch Complex 39A,Dragon CRS-2 SpX-21,LEO,Falcon 9,[True],['B1058'],['OCISLY'],['ASDS'],[True],[True],2020,2020-12,Commercial
145b2935-8b72-44b2-8bda-4c27887721fd,2020-11-25 02:13:00,Success,Space Launch Complex 40,Starlink 15,LEO,Falcon 9,[True],['B1049'],['OCISLY'],['ASDS'],[True],[True],2020,2020-11,Starlink
56623c2d-7174-489c-b0ed-bf6f039b2412,2020-11-21 17:17:00,Success,Space Launch Complex 4E,Sentinel-6 Michael Freilich (Sentinel-6A; Jason-CS),LEO,Falcon 9,[False],['B1063'],['LZ-4'],['RTLS'],[True],[True],2020,2020-11,Commercial
0ede12be-ac6d-4571-9d0c-b2a85b5cf280,2020-11-16 00:27:17,Success,Launch Complex 39A,Crew-1,LEO,Falcon 9,[False],['B1061'],['JRTI'],['ASDS'],[True],[True],2020,2020-11,Commercial
23e362ae-8523-4224-9447-d05c4db03b8f,2020-11-05 23:24:23,Success,Space Launch Complex 40,"GPS III SV04 ""Sacagawea""",MEO,Falcon 9,[False],['B1062'],['OCISLY'],['ASDS'],[True],[True],2020,2020-11,Commercial
47c91a03-2e98-42c9-8751-d8fb36c89c99,2020-10-24 15:31:34,Success,Space Launch Complex 40,Starlink 14,LEO,Falcon 9,[True],['B1060'],['JRTI'],['ASDS'],[True],[True],2020,2020-10,Starlink
2b04a116-8460-42f9-8d4b-b65c73ed3e49,2020-10-18 12:25:57,Success,Launch Complex 39A,Starlink 13,LEO,Falcon 9,[True],['B1051'],['OCISLY'],['ASDS'],[True],[True],2020,2020-10,Starlink
8cbc59c0-60fb-4b8c-8a11-1edda0a82ab5,2020-10-06 11:29:34,Success,Launch Complex 39A,Starlink 12,LEO,Falcon 9,[True],['B1058'],['OCISLY'],['ASDS'],[True],[True],2020,2020-10,Starlink
82b600f6-6c2d-4694-a263-cec4525714cf,2020-09-03 12:46:00,Success,Launch Complex 39A,Starlink 11,LEO,Falcon 9,[True],['B1060'],['OCISLY'],['ASDS'],[True],[True],2020,2020-09,Starlink
98a5da32-4719-495b-9713-fcb5c058f31c,2020-08-30 23:18:00,Success,Space Launch Complex 40,SAOCOM 1B,SSO,Falcon 9,[True],['B1059'],['LZ-1'],['RTLS'],[True],[True],2020,2020-08,Commercial
24b3b696-9253-4088-92f2-c7762f4e0a4c,2020-08-18 14:31:00,Success,Space Launch Complex 40,Starlink 10,LEO,Falcon 9,[True],['B1049'],['OCISLY'],['ASDS'],[True],[True],2020,2020-08,Starlink
955fe2fa-b4c8-4a17-a22f-3b7aefa44444,2020-08-07 05:12:00,Success,Launch Complex 39A,Starlink 9,LEO,Falcon 9,[True],['B1051'],['OCISLY'],['ASDS'],[True],[True],2020,2020-08,Starlink
7e9fd521-c3af-4c55-9873-93bfe9945749,2020-07-20 21:30:00,Success,Space Launch Complex 40,ANASIS-II,GTO,Falcon 9,[True],['B1058'],['JRTI'],['ASDS'],[True],[True],2020,2020-07,Commercial
3825c276-87d9-4a4b-8128-b5abbb83d45a,2020-06-30 20:10:46,Success,Space Launch Complex 40,"GPS III SV03 ""Columbus""",MEO,Falcon 9,[False],['B1060'],['JRTI'],['ASDS'],[True],[True],2020,2020-06,Commercial
f0f2d68e-85b4-4051-9554-bb98b6148860,2020-06-13 09:21:00,Success,Space Launch Complex 40,Starlink 8,LEO,Falcon 9,[True],['B1059'],['OCISLY'],['ASDS'],[True],[True],2020,2020-06,Starlink
51dcfdc7-6dc8-42e3-8480-b41f24d874e3,2020-06-04 01:25:00,Success,Space Launch Complex 40,Starlink 7,LEO,Falcon 9,[True],['B1049'],['JRTI'],['ASDS'],[True],[True],2020,2020-06,Starlink
e71d3b58-dede-43f3-ac73-cc2de9a307ad,2020-05-30 19:22:45,Success,Launch Complex 39A,SpX-DM2 (Demonstration Mission 2),LEO,Falcon 9,[False],['B1058'],['OCISLY'],['ASDS'],[True],[True],2020,2020-05,Commercial
f10b74d3-149a-46cb-b815-002f4bc0e7d1,2020-04-22 19:30:00,Success,Launch Complex 39A,Starlink 6,LEO,Falcon 9,[True],['B1051'],['OCISLY'],['ASDS'],[True],[True],2020,2020-04,Starlink
fbf1234b-50ab-4414-92f9-1b53dad65d05,2020-03-18 12:16:39,Success,Launch Complex 39A,Starlink 5,LEO,Falcon 9,[True],['B1048'],['OCISLY'],['ASDS'],[True],[False],2020,2020-03,Starlink
e7f4d577-40dc-44a4-81a7-d1ae42244d45,2020-03-07 04:50:31,Success,Space Launch Complex 40,SpX CRS-20,LEO,Falcon 9,[True],['B1059'],['LZ-1'],['RTLS'],[True],[True],2020,2020-03,Commercial
93750120-d8ac-4ccf-ac7a-7e1cfa39c775,2020-02-17 15:05:55,Success,Space Launch Complex 40,Starlink 4,LEO,Falcon 9,[True],['B1056'],['OCISLY'],['ASDS'],[True],[False],2020,2020-02,Starlink
76b54190-738f-4528-bf1f-ca4c8b14d07b,2020-01-29 14:06:00,Success,Space Launch Complex 40,Starlink 3,LEO,Falcon 9,[True],['B1051'],['OCISLY'],['ASDS'],[True],[True],2020,2020-01,Starlink
41495097-341b-4ec5-b7e5-a450cf45fc23,2020-01-19 15:30:00,Success,Launch Complex 39A,Crew Dragon In-Flight Abort Test,Sub,Falcon 9,[True],['B1046'],['ATL'],['Ocean'],[False],[nan],2020,2020-01,Commercial
a2851487-eb93-4a98-98a5-a130ed57937a,2020-01-07 02:19:00,Success,Space Launch Complex 40,Starlink 2,LEO,Falcon 9,[True],['B1049'],['OCISLY'],['ASDS'],[True],[True],2020,2020-01,Starlink
5e63ba5c-92f9-4f30-b5d1-691748c2efa3,2019-12-17 00:10:00,Success,Space Launch Complex 40,JCSAT-18/KACIFIC-1,,Falcon 9,[True],['B1056'],['OCISLY'],['ASDS'],[True],[True],2019,2019-12,Commercial
4425a1b9-1c3d-4100-99f4-c0934264fc56,2019-12-05 17:29:24,Success,Space Launch Complex 40,SpX CRS-19,LEO,Falcon 9,[False],['B1059'],['OCISLY'],['ASDS'],[True],[True],2019,2019-12,Commercial
501900f6-ede7-486d-bf13-cbc28fde93c3,2019-11-11 14:56:00,Success,Space Launch Complex 40,Starlink 1,LEO,Falcon 9,[True],['B1048'],['OCISLY'],['ASDS'],[True],[True],2019,2019-11,Starlink
68ecf878-2491-4209-95fe-54f74fb163aa,2019-08-06 23:23:00,Success,Space Launch Complex 40,Amos-17,GTO,Falcon 9,[True],['B1047'],['ATL'],['Ocean'],[False],[nan],2019,2019-08,Commercial
28a5a464-2b2f-4b2e-b0e3-c704af99888b,2019-07-25 22:01:56,Success,Space Launch Complex 40,SpX CRS-18,LEO,Falcon 9,[True],['B1056'],['LZ-1'],['RTLS'],[True],[True],2019,2019-07,Commercial
0a0a1326-c772-4027-8dc2-365b716f6691,2019-06-25 06:30:00,Success,Launch Complex 39A,STP-2,LEO,Falcon Heavy,"[False, True, True]","['B1057', 'B1052', 'B1053']","['OCISLY', 'LZ-1', 'LZ-2']","['ASDS', 'RTLS', 'RTLS']","[True, True, True]","[False, True, True]",2019,2019-06,Commercial
b347b02e-18b4-4e55-ac9e-6bebecbc6858,2019-06-12 14:17:00,Success,Space Launch Complex 4E,RADARSAT Constellation,SSO,Falcon 9,[True],['B1051'],['LZ-4'],['RTLS'],[True],[True],2019,2019-06,Commercial
267f232e-f34a-4c79-ac56-b00cf69dd32d,2019-05-24 02:30:00,Success,Space Launch Complex 40,Starlink Demo,LEO,Falcon 9,[True],['B1049'],['OCISLY'],['ASDS'],[True],[True],2019,2019-05,Starlink
de607493-4c2d-458e-9797-097732027ece,2019-05-04 06:48:58,Success,Space Launch Complex 40,SpX CRS-17,LEO,Falcon 9,[False],['B1056'],['OCISLY'],['ASDS'],[True],[True],2019,2019-05,Commercial
ed90f149-7762-4f9b-a878-90618db057e7,2019-04-11 22:35:00,Success,Launch Complex 39A,Arabsat-6A,GTO,Falcon Heavy,"[False, False, False]","['B1055', 'B1052', 'B1053']","['OCISLY', 'LZ-1', 'LZ-2']","['ASDS', 'RTLS', 'RTLS']","[True, True, True]","[True, True, True]",2019,2019-04,Commercial
d889debc-b3d5-4472-a3eb-cf8a90d6ade0,2019-03-02 07:49:00,Success,Launch Complex 39A,SpaceX DM-1 (Demonstration Mission 1),LEO,Falcon 9,[False],['B1051'],['OCISLY'],['ASDS'],[True],[True],2019,2019-03,Commercial
e5bd8f98-cf17-4563-8c2f-9063c803663d,2019-02-22 01:45:00,Success,Space Launch Complex 40,GTO-1 (Beresheet; S5),LO,Falcon 9,[True],['B1048'],['OCISLY'],['ASDS'],[True],[True],2019,2019-02,Commercial
b6e25a46-8461-40d9-ad81-fe24e52d1173,2019-01-11 15:31:33,Success,Space Launch Complex 4E,Iridium-8,PO,Falcon 9,[True],['B1049'],['JRTI'],['ASDS'],[True],[True],2019,2019-01,Commercial
3a4faa1b-9aa3-4844-b518-ef8f83ff6ddd,2018-12-23 13:51:00,Success,Space Launch Complex 40,"GPS III SV01 ""Vespucci""",MEO,Falcon 9,[False],['B1054'],[nan],[nan],[False],[nan],2018,2018-12,Commercial
34d6609f-7235-493d-a80b-dcf59b278a4e,2018-12-05 18:16:16,Success,Space Launch Complex 40,SpX CRS-16,LEO,Falcon 9,[False],['B1050'],['LZ-1'],['RTLS'],[True],[False],2018,2018-12,Commercial
90eb3d56-c719-4228-b136-d1465dda2424,2018-12-03 18:34:05,Success,Space Launch Complex 4E,Spaceflight SSO-A,SSO,Falcon 9,[True],['B1046'],['JRTI'],['ASDS'],[True],[True],2018,2018-12,Commercial
1f252074-9350-4ba7-8b06-4df4b4743ef8,2018-11-15 20:46:00,Success,Launch Complex 39A,Es'hail 2,GTO,Falcon 9,[True],['B1047'],['OCISLY'],['ASDS'],[True],[True],2018,2018-11,Commercial
b0b300ee-6d5c-40a3-b791-84b0712ca9a9,2018-10-08 02:21:00,Success,Space Launch Complex 4E,SAOCOM 1A,SSO,Falcon 9,[True],['B1048'],['LZ-4'],['RTLS'],[True],[True],2018,2018-10,Commercial
a7e8ed2a-49c0-49b4-8ed8-d567e32bf98a,2018-09-10 04:45:00,Success,Space Launch Complex 40,Telstar 18 VANTAGE,GTO,Falcon 9,[False],['B1049'],['OCISLY'],['ASDS'],[True],[True],2018,2018-09,Commercial
76191cb9-a7f9-4592-886d-c51a06f32507,2018-08-07 05:18:00,Success,Space Launch Complex 40,Merah Putih (Telkom-4),GTO,Falcon 9,[True],['B1046'],['OCISLY'],['ASDS'],[True],[True],2018,2018-08,Commercial
143b7f89-c64b-44ba-b8f3-f40ba8ad068c,2018-07-25 11:39:30,Success,Space Launch Complex 4E,Iridium-7,LEO,Falcon 9,[False],['B1048'],['JRTI'],['ASDS'],[True],[True],2018,2018-07,Commercial
0ea374f1-ac04-435d-bd6b-6d7e8d24760d,2018-07-22 05:50:00,Success,Space Launch Complex 40,Telstar 19 VANTAGE,GTO,Falcon 9,[False],['B1047'],['OCISLY'],['ASDS'],[True],[True],2018,2018-07,Commercial
9961a642-0d04-44bd-850a-3f8299ef4d82,2018-06-29 09:42:41,Success,Space Launch Complex 40,SpX CRS-15,LEO,Falcon 9,[True],['B1045'],[nan],[nan],[False],[nan],2018,2018-06,Commercial
3693d46b-1e71-4fd8-bde2-dda188448a93,2018-06-04 04:45:00,Success,Space Launch Complex 40,SES-12,GTO,Falcon 9,[True],['B1040'],[nan],[nan],[False],[nan],2018,2018-06,Commercial
cdfd242c-c01b-48b1-9fae-4b78d6ee449e,2018-05-22 19:47:58,Success,Space Launch Complex 4E,Iridium-6 & GRACE-FO,LEO,Falcon 9,[True],['B1043'],[nan],[nan],[False],[nan],2018,2018-05,Commercial
38ef9c7a-7d5a-4d25-b184-70c391b516ca,2018-05-11 20:14:00,Success,Launch Complex 39A,Bangabandhu-1,GTO,Falcon 9,[False],['B1046'],['OCISLY'],['ASDS'],[True],[True],2018,2018-05,Commercial
ca4e796d-f3e4-4b80-b2f7-f7fd6a7b325f,2018-04-18 22:51:30,Success,Space Launch Complex 40,TESS (Transiting Exoplanet Survey Satellite),HEO,Falcon 9,[False],['B1045'],['OCISLY'],['ASDS'],[True],[True],2018,2018-04,Commercial
161dee30-0b58-4eec-83e4-b4142914b7c1,2018-04-02 20:30:38,Success,Space Launch Complex 40,SpX CRS-14,LEO,Falcon 9,[True],['B1039'],[nan],[nan],[False],[nan],2018,2018-04,Commercial
7fddc602-099a-4bcf-a110-8bf0c836949a,2018-03-30 14:13:51,Success,Space Launch Complex 4E,Iridium-5,LEO,Falcon 9,[True],['B1041'],[nan],[nan],[False],[nan],2018,2018-03,Commercial
067aaad8-bafd-4c31-924c-dc18fb0bd4cc,2018-03-06 05:33:00,Success,Space Launch Complex 40,Hispasat 30W-6 (Hispasat 1F),GTO,Falcon 9,[False],['B1044'],[nan],[nan],[False],[nan],2018,2018-03,Commercial
e443b805-1d5c-4491-b053-e03cd588611e,2018-02-22 14:17:00,Success,Space Launch Complex 4E,PAZ & Microsat-2a; Microsat-2b,SSO,Falcon 9,[True],['B1038'],[nan],[nan],[False],[nan],2018,2018-02,Commercial
598af929-31d4-4544-ad77-e0b6f9c8f460,2018-02-06 20:45:00,Success,Launch Complex 39A,Demo Flight 1 (Maiden Flight),Helio-N/A,Falcon Heavy,"[False, True, True]","['B1033', 'B1025', 'B1023']","['OCISLY', 'LZ-2', 'LZ-1']","['ASDS', 'RTLS', 'RTLS']","[True, True, True]","[False, True, True]",2018,2018-02,Commercial
dc007d6f-0e07-4900-be31-76c6f3d74b61,2018-01-31 21:25:00,Success,Space Launch Complex 40,GovSat (SES-16),GTO,Falcon 9,[True],['B1032'],[nan],[nan],[False],[nan],2018,2018-01,Commercial
2cf36ccb-c757-4951-aaaa-a35605ddb56f,2018-01-08 01:00:00,Success,Space Launch Complex 40,Zuma,LEO,Falcon 9,[False],['B1043'],['LZ-1'],['RTLS'],[True],[True],2018,2018-01,Commercial
dd92253d-5efb-426e-b6ba-bb934a4a7851,2017-12-23 01:27:34,Success,Space Launch Complex 4E,Iridium-4,LEO,Falcon 9,[True],['B1036'],['ATL'],['Ocean'],[False],[nan],2017,2017-12,Commercial
c63b742b-844f-40dc-af9b-fbd946dcf214,2017-12-15 15:36:09,Success,Space Launch Complex 40,SpX CRS-13,LEO,Falcon 9,[True],['B1035'],['LZ-1'],['RTLS'],[True],[True],2017,2017-12,Commercial
cf40e58a-f301-4ecf-a8a0-7e6657a0319c,2017-10-30 19:34:00,Success,Launch Complex 39A,Koreasat 5A,GTO,Falcon 9,[False],['B1042'],['OCISLY'],['ASDS'],[True],[True],2017,2017-10,Commercial
b18c9845-9e0a-4dab-9d2b-765886503877,2017-10-11 22:53:00,Success,Launch Complex 39A,Echostar 105/SES-11,GTO,Falcon 9,[True],['B1031'],['OCISLY'],['ASDS'],[True],[True],2017,2017-10,Commercial
b8800f25-3b09-48de-895d-ec2fb7981c0f,2017-10-09 12:37:01,Success,Space Launch Complex 4E,Iridium-3,LEO,Falcon 9,[False],['B1041'],['JRTI'],['ASDS'],[True],[True],2017,2017-10,Commercial
82995933-e6fd-4de8-8785-5d98c9feddbe,2017-09-07 14:00:00,Success,Launch Complex 39A,OTV-5 (X-37B),LEO,Falcon 9,[False],['B1040'],['LZ-1'],['RTLS'],[True],[True],2017,2017-09,Commercial
f9779d72-915c-42f0-b331-a13c8075f19d,2017-08-24 18:51:00,Success,Space Launch Complex 4E,Formosat 5,SSO,Falcon 9,[False],['B1038'],['JRTI'],['ASDS'],[True],[True],2017,2017-08,Commercial
8802f398-44b6-4b3c-a2e1-af73cbe9d44e,2017-08-14 16:31:37,Success,Launch Complex 39A,SpX CRS-12,LEO,Falcon 9,[False],['B1039'],['LZ-1'],['RTLS'],[True],[True],2017,2017-08,Commercial
fe77ab35-1131-42ef-b9e4-1d876471e86d,2017-07-05 23:38:00,Success,Launch Complex 39A,Intelsat 35e,GTO,Falcon 9,[False],['B1037'],[nan],[nan],[False],[nan],2017,2017-07,Commercial
eb953c99-1267-4892-85b2-51a4f22cbb08,2017-06-25 20:25:18,Success,Space Launch Complex 4E,Iridium-2,LEO,Falcon 9,[False],['B1036'],['JRTI'],['ASDS'],[True],[True],2017,2017-06,Commercial
b600cba0-29f6-4ef4-b3f5-039c287bc63b,2017-06-23 19:10:00,Success,Launch Complex 39A,BulgariaSat-1,GTO,Falcon 9,[True],['B1029'],['OCISLY'],['ASDS'],[True],[True],2017,2017-06,Commercial
54f5fb21-1b92-4f6e-9220-7edc5f7dfb06,2017-06-03 21:07:38,Success,Launch Complex 39A,SpX CRS-11,LEO,Falcon 9,[False],['B1035'],['LZ-1'],['RTLS'],[True],[True],2017,2017-06,Commercial
50da4982-75d1-4608-aa73-26a2675b3fae,2017-05-15 23:21:00,Success,Launch Complex 39A,Inmarsat-5 F4,GTO,Falcon 9,[False],['B1034'],[nan],[nan],[False],[nan],2017,2017-05,Commercial
df8a584b-3ca5-43ca-86b8-6cbd0c66b5ac,2017-05-01 11:15:00,Success,Launch Complex 39A,NROL-76,LEO,Falcon 9,[False],['B1032'],['LZ-1'],['RTLS'],[True],[True],2017,2017-05,Commercial
8690c683-f109-4642-a860-f23ffcff60a9,2017-03-30 22:27:00,Success,Launch Complex 39A,SES-10,GTO,Falcon 9,[True],['B1021'],['OCISLY'],['ASDS'],[True],[True],2017,2017-03,Commercial
a9908568-9a9a-4e40-bd8f-52c1c52d7444,2017-03-16 06:00:00,Success,Launch Complex 39A,Echostar 23,GTO,Falcon 9,[False],['B1030'],[nan],[nan],[False],[nan],2017,2017-03,Commercial
35e3bff1-a9f4-40de-b4e0-8dad8e131768,2017-02-19 14:39:00,Success,Launch Complex 39A,SpX CRS-10,LEO,Falcon 9,[False],['B1031'],['LZ-1'],['RTLS'],[True],[True],2017,2017-02,Commercial
908879a4-f0da-4843-bd35-04eadd1dfb93,2017-01-14 17:54:34,Success,Space Launch Complex 4E,Iridium-1,LEO,Falcon 9,[False],['B1029'],['JRTI'],['ASDS'],[True],[True],2017,2017-01,Commercial
3622669f-6e06-467a-86f3-47b56b1114c1,2016-09-03 07:00:00,Failure,Space Launch Complex 40,Amos 6 (Failure before launch),GTO,Falcon 9,[False],['B1028'],['OCISLY'],['ASDS'],[False],[nan],2016,2016-09,Commercial
42af1017-49f4-41ec-97d6-0c3520643fc8,2016-08-14 05:26:00,Success,Space Launch Complex 40,JCSAT-16,GTO,Falcon 9,[False],['B1026'],['OCISLY'],['ASDS'],[True],[True],2016,2016-08,Commercial
74eb8c19-cb07-4674-8a0f-9090f952024a,2016-07-18 04:45:00,Success,Space Launch Complex 40,SpX CRS-9,LEO,Falcon 9,[False],['B1025'],['LZ-1'],['RTLS'],[True],[True],2016,2016-07,Commercial
8717277d-416b-4ed8-bb4e-95d2ba9da31d,2016-06-15 14:29:00,Success,Space Launch Complex 40,Eutelsat 117 West B & ABS-2A,GTO,Falcon 9,[False],['B1024'],['OCISLY'],['ASDS'],[True],[False],2016,2016-06,Commercial
1af4fa39-c4d2-4e30-8b2a-70e9f94ac8a9,2016-05-27 21:39:00,Success,Space Launch Complex 40,Thaicom 8,GTO,Falcon 9,[False],['B1023'],['OCISLY'],['ASDS'],[True],[True],2016,2016-05,Commercial
c1f172a5-85a2-4fb1-96b4-b05267f62d85,2016-05-06 05:21:00,Success,Space Launch Complex 40,JCSAT-14,GTO,Falcon 9,[False],['B1022'],['OCISLY'],['ASDS'],[True],[True],2016,2016-05,Commercial
d47b8475-1175-479e-99b4-c86d535558e1,2016-04-08 20:43:32,Success,Space Launch Complex 40,SpX CRS-8,LEO,Falcon 9,[False],['B1021'],['OCISLY'],['ASDS'],[True],[True],2016,2016-04,Commercial
b69f83d9-5d6f-4dfa-8d2a-e1759448a3b1,2016-03-04 23:35:00,Success,Space Launch Complex 40,SES-9,GTO,Falcon 9,[False],['B1020'],['OCISLY'],['ASDS'],[True],[False],2016,2016-03,Commercial
de278bee-4f84-4418-a3f3-4d5b969a363f,2016-01-17 18:42:18,Success,Space Launch Complex 4E,Jason 3,LEO,Falcon 9,[False],['B1017'],['JRTI'],['ASDS'],[True],[False],2016,2016-01,Commercial
7cea85fa-b373-4896-83ae-2629f4030806,2015-12-22 01:29:00,Success,Space Launch Complex 40,Orbcomm OG2 Mission 2,LEO,Falcon 9,[False],['B1019'],['LZ-1'],['RTLS'],[True],[True],2015,2015-12,Commercial
16aae09d-229e-4b9e-876c-6ac31ef5678f,2015-06-28 14:21:11,Failure,Space Launch Complex 40,SpX CRS-7,LEO,Falcon 9,[False],['B1018'],['OCISLY'],['ASDS'],[True],[False],2015,2015-06,Commercial
7be4031b-7d5b-4b07-b617-bc3adca4b3fc,2015-04-27 23:03:00,Success,Space Launch Complex 40,TurkmenÃ„lem52E/MonacoSAT,GTO,Falcon 9,[False],['B1016'],[nan],[nan],[False],[nan],2015,2015-04,Commercial
db2dfb3b-e744-42ac-9cd8-ed936ad9a882,2015-04-14 20:10:41,Success,Space Launch Complex 40,SpX CRS-6,LEO,Falcon 9,[False],['B1015'],['JRTI'],['ASDS'],[True],[False],2015,2015-04,Commercial
bfc70e01-0b61-43bf-871a-a19342442166,2015-03-02 03:50:00,Success,Space Launch Complex 40,Eutelsat 115 West B & ABS-3A,GTO,Falcon 9,[False],['B1014'],[nan],[nan],[False],[nan],2015,2015-03,Commercial
d8dd15a0-166e-4a97-b8a0-b8289bf5f500,2015-02-11 23:03:32,Success,Space Launch Complex 40,DSCOVR,L1-point,Falcon 9,[False],['B1013'],['ATL'],['Ocean'],[False],[nan],2015,2015-02,Commercial
5c333099-5adc-4f60-9439-08374aa76fd0,2015-01-10 09:47:10,Success,Space Launch Complex 40,SpX CRS-5,LEO,Falcon 9,[False],['B1012'],['JRTI'],['ASDS'],[True],[False],2015,2015-01,Commercial
3833e794-3d71-4a77-bd83-19abb3e74400,2014-09-21 05:52:03,Success,Space Launch Complex 40,SpX CRS-4,LEO,Falcon 9,[False],['B1010'],['ATL'],['Ocean'],[True],[False],2014,2014-09,Commercial
9086c318-6840-4efa-837a-2e2a414366e7,2014-09-07 05:00:00,Success,Space Launch Complex 40,AsiaSat 6,GTO,Falcon 9,[False],['B1011'],[nan],[nan],[False],[nan],2014,2014-09,Commercial
49980d63-4721-429d-a6e5-957a0180b637,2014-08-05 08:00:00,Success,Space Launch Complex 40,AsiaSat 8,GTO,Falcon 9,[False],['B1008'],[nan],[nan],[False],[nan],2014,2014-08,Commercial
ae212477-dece-457e-9e6c-6abc8cf45ae7,2014-07-14 15:15:00,Success,Space Launch Complex 40,Orbcomm OG2 Mission 1,LEO,Falcon 9,[False],['B1007'],['ATL'],['Ocean'],[False],[nan],2014,2014-07,Commercial
bb8ab96d-9325-4099-8d9e-bdb388255b85,2014-04-18 19:25:22,Success,Space Launch Complex 40,SpX CRS-3,LEO,Falcon 9,[False],['B1006'],[nan],[nan],[False],[nan],2014,2014-04,Commercial
5a1f68d5-dd06-47d0-bc53-001c516794ed,2014-01-06 22:06:00,Success,Space Launch Complex 40,Thaicom-6,GTO,Falcon 9,[False],['B1005'],[nan],[nan],[False],[nan],2014,2014-01,Commercial
e2431691-6019-43c3-a2a7-fc46865fef35,2013-12-03 21:41:00,Success,Space Launch Complex 40,SES-8,GTO,Falcon 9,[False],['B1004'],[nan],[nan],[False],[nan],2013,2013-12,Commercial
e12d20b3-8b5c-4dcf-a635-f6106ee784bc,2013-09-29 16:00:00,Success,Space Launch Complex 4E,CASSIOPE,LEO,Falcon 9,[False],['B1003'],[nan],[nan],[False],[nan],2013,2013-09,Commercial
6c70bbf3-cbf2-4a4f-8eda-500c230707f0,2013-03-01 15:10:13,Success,Space Launch Complex 40,SpX CRS-2,LEO,Falcon 9,[False],['B0007'],[nan],[nan],[False],[nan],2013,2013-03,Commercial
0f2d170a-6639-453a-bf2a-27b53954aeac,2012-10-08 00:35:07,Partial Failure,Space Launch Complex 40,SpX CRS-1,LEO,Falcon 9,[False],['B0006'],[nan],[nan],[False],[nan],2012,2012-10,Commercial
ef3b84de-7f1e-4b44-8263-4145f771bfb2,2012-05-22 07:44:38,Success,Space Launch Complex 40,SpaceX COTS Demo Flight 2,LEO,Falcon 9,[False],['B0005'],[nan],[nan],[False],[nan],2012,2012-05,Commercial
04106da6-a43c-4fcf-9cae-4e97dfb37345,2010-12-08 15:43:00,Success,Space Launch Complex 40,SpaceX COTS Demo Flight 1,LEO,Falcon 9,[False],['B0004'],[nan],[nan],[False],[nan],2010,2010-12,Commercial
2ead3d70-ac04-40ee-b4a6-dfecfe519ee5,2010-06-04 18:45:00,Success,Space Launch Complex 40,Dragon Spacecraft Qualification Unit (DSQU),LEO,Falcon 9,[False],['B0003'],[nan],[nan],[False],[nan],2010,2010-06,Commercial
10be093a-ad74-46e6-a26c-37626e6d72b7,2009-07-14 03:35:00,Success,Omelek Island,,,Falcon 1,[nan],[nan],[nan],[nan],[nan],[nan],2009,2009-07,Commercial
0560cfb0-ed19-4e8b-9fe9-728feb0f817c,2008-09-28 23:15:00,Success,Omelek Island,,,Falcon 1,[nan],[nan],[nan],[nan],[nan],[nan],2008,2008-09,Commercial
cdeb321f-0860-4064-ba76-4ad0f9022103,2008-08-03 03:34:00,Failure,Omelek Island,,,Falcon 1,[nan],[nan],[nan],[nan],[nan],[nan],2008,2008-08,Commercial
9a50023f-07fe-45ac-9ac6-7fb6b5ea970d,2007-03-21 01:10:00,Failure,Omelek Island,,,Falcon 1,[nan],[nan],[nan],[nan],[nan],[nan],2007,2007-03,Commercial
b8741d6a-bf47-44eb-b740-f091b5fd3c62,2006-03-24 22:30:00,Failure,Omelek Island,,,Falcon 1,[nan],[nan],[nan],[nan],[nan],[nan],2006,2006-03,Commercial
